"Temperature(in celsius)","Label"
66.0380665840801,FALSE
66.7074742771215,FALSE
67.2587882162413,FALSE
65.8478681140849,FALSE
67.1957828262864,FALSE
67.0301239446016,FALSE
67.0854177316123,FALSE
68.1166102127153,FALSE
65.781142584422,FALSE
68.2673687220899,FALSE
66.2552184038649,FALSE
65.8687814291643,FALSE
66.283641509967,FALSE
67.2526523696462,FALSE
67.1520457066556,FALSE
66.6923435703216,FALSE
66.0469826690919,FALSE
66.3517571885515,FALSE
68.2243136242806,FALSE
67.199811607983,FALSE
66.42151627814,FALSE
66.0576992665225,FALSE
66.796271820338,FALSE
65.3335251599698,FALSE
66.515544890849,FALSE
66.2589273392784,FALSE
68.1606157792413,FALSE
68.0120671249342,FALSE
66.9279215259134,FALSE
65.8632177019007,FALSE
67.9006247289827,FALSE
67.8517704470922,FALSE
67.7277151741545,FALSE
67.7365021456886,FALSE
66.6478703830543,FALSE
67.7055155134855,FALSE
68.3003579887321,FALSE
67.0382520141443,FALSE
66.0207162300037,FALSE
67.7937612308725,FALSE
67.7865068720095,FALSE
66.6895368690407,FALSE
68.6988848455591,FALSE
66.2054062914507,FALSE
67.34843771618,FALSE
64.7345989264822,FALSE
66.8377947209718,FALSE
68.1308649914589,FALSE
66.5444540237395,FALSE
66.1008336844611,FALSE
67.7268389017312,FALSE
66.1905590981348,FALSE
67.2670851159552,FALSE
65.2627362894664,FALSE
65.5885748641911,FALSE
66.5464487732215,FALSE
65.9645087246319,FALSE
68.3621428932593,FALSE
67.917456736975,FALSE
66.2148578389232,FALSE
67.5735181731473,FALSE
67.9181962077378,FALSE
67.2562872729857,FALSE
67.3519665559376,FALSE
68.1743373570956,FALSE
66.5191536247108,FALSE
66.5811702778644,FALSE
67.9551128032203,FALSE
65.7109933890521,FALSE
67.186197433075,FALSE
66.9686744980528,FALSE
67.4670973098466,FALSE
68.0241976742046,FALSE
67.2673584522344,FALSE
67.2318261028602,FALSE
67.7475924645224,FALSE
68.2170685105242,FALSE
67.3833583451683,FALSE
66.0119471784079,FALSE
66.8431470898032,FALSE
68.7355352162481,FALSE
66.6477016944999,FALSE
67.6886400441257,FALSE
68.2244060958027,FALSE
67.7942963033035,FALSE
66.9935976015783,FALSE
67.219150635167,FALSE
66.1135362489946,FALSE
67.4397602913719,FALSE
66.1136102493345,FALSE
66.146181545645,FALSE
66.0100056692515,FALSE
66.3491222630761,FALSE
68.053946660494,FALSE
66.6091219665692,FALSE
66.9294136063899,FALSE
66.537949190503,FALSE
67.5409082669903,FALSE
67.9316349709265,FALSE
66.7907256547916,FALSE
67.6173500484721,FALSE
66.5949224873066,FALSE
68.0531037627893,FALSE
67.6022842462329,FALSE
68.0174611767962,FALSE
67.608167318012,FALSE
67.2067359954465,FALSE
65.102272708206,FALSE
66.3174171683217,FALSE
67.4813384154488,FALSE
66.5369689619975,FALSE
66.72025830422,FALSE
66.5863098554488,FALSE
68.6187665209943,FALSE
66.2789442891362,FALSE
66.5469068426719,FALSE
67.0142571608117,FALSE
67.2157646211953,FALSE
67.1888701952931,FALSE
66.9498515056649,FALSE
65.5045803680812,FALSE
67.3678377528336,FALSE
67.5171440221756,FALSE
66.515664534949,FALSE
67.6748556159232,FALSE
66.2375513947679,FALSE
67.3860737908382,FALSE
66.3359966553575,FALSE
65.2756558048457,FALSE
68.1563190793031,FALSE
67.6935065898714,FALSE
67.1431563561675,FALSE
68.4928135601807,FALSE
65.3678465210425,FALSE
67.1278460233453,FALSE
64.5963362728699,FALSE
68.443928255567,FALSE
66.1211069496921,FALSE
65.6935616727844,FALSE
66.1228010074131,FALSE
65.8356195405105,FALSE
65.0176523199446,FALSE
66.0100557651364,FALSE
66.8483153988341,FALSE
67.9125067906488,FALSE
67.4076698082445,FALSE
65.757815624795,FALSE
66.3573055881092,FALSE
68.9302436888251,FALSE
67.4101993640142,FALSE
65.7086506790283,FALSE
69.6350453747653,FALSE
67.4870722882303,FALSE
67.8538923179459,FALSE
68.0884427054513,FALSE
67.2260139570888,FALSE
67.0681988375621,FALSE
66.015184467344,FALSE
65.6891455781563,FALSE
69.4640553352302,FALSE
66.3345719301389,FALSE
67.9128626480226,FALSE
67.9646642262894,FALSE
68.6080029371317,FALSE
68.8353995249022,FALSE
67.7024627332445,FALSE
68.217854078754,FALSE
65.8763461708538,FALSE
67.6683301155393,FALSE
68.2164114883365,FALSE
67.2345753539482,FALSE
66.5813034124976,FALSE
67.2382200899618,FALSE
66.4494118079296,FALSE
66.4993972314781,FALSE
68.1638974920419,FALSE
69.1555369544259,FALSE
65.2908429908975,FALSE
65.3991773848766,FALSE
65.9614465865373,FALSE
67.3230942206113,FALSE
66.1111528462648,FALSE
67.3936789818851,FALSE
67.2365414680669,FALSE
66.5695031865131,FALSE
66.4520668736649,FALSE
65.6777483411645,FALSE
67.6821267493812,FALSE
69.162789481532,FALSE
66.5833303507073,FALSE
65.6426821030734,FALSE
66.3287735380805,FALSE
67.6499182434529,FALSE
67.7712911747711,FALSE
69.676631927184,FALSE
65.6291285787462,FALSE
67.0577591454958,FALSE
66.8029324918324,FALSE
65.7384823744778,FALSE
66.3375574383635,FALSE
65.6676476755176,FALSE
67.277323620786,FALSE
68.0855338489135,FALSE
65.3572815105267,FALSE
66.5428197415584,FALSE
68.4611718454525,FALSE
65.3274673976425,FALSE
68.5610959964386,FALSE
65.5066293521778,FALSE
65.817550859412,FALSE
66.6434131190342,FALSE
66.0843598753818,FALSE
67.8494854850427,FALSE
66.5103927618888,FALSE
67.7279832101894,FALSE
66.3806867813069,FALSE
67.343735542962,FALSE
68.8136254007118,FALSE
68.4532268299432,FALSE
67.4124294429869,FALSE
67.2019759593743,FALSE
68.6843468984371,FALSE
66.0351755220657,FALSE
67.6621551942447,FALSE
66.4466560060036,FALSE
69.4442052305831,FALSE
66.6953701636083,FALSE
66.8826301314784,FALSE
67.9694287871822,FALSE
67.5909396299426,FALSE
65.7910415984766,FALSE
66.6980715765943,FALSE
67.4012604751531,FALSE
65.3116317586018,FALSE
66.287007528622,FALSE
66.7456996633402,FALSE
65.9984331715285,FALSE
66.0758996464378,FALSE
67.4402455689565,FALSE
66.6731833890505,FALSE
66.7255241246757,FALSE
68.2841420588694,FALSE
67.3042117765867,FALSE
68.2736826559013,FALSE
68.0334479322384,FALSE
67.6653841561424,FALSE
66.6866718914148,FALSE
67.4640766853231,FALSE
67.4786058598124,FALSE
69.536235794746,FALSE
66.4649369146429,FALSE
68.3681062220878,FALSE
67.1418442901283,FALSE
66.2171850310612,FALSE
68.8815187328925,FALSE
67.5529228646472,FALSE
65.155143416563,FALSE
66.4496920863065,FALSE
66.9739852413745,FALSE
64.8407496384198,FALSE
68.7706000804296,FALSE
67.7604734822599,FALSE
66.5154571539887,FALSE
66.5272361007299,FALSE
67.3316720746356,FALSE
66.0276992024323,FALSE
66.4687557906052,FALSE
67.0620367401525,FALSE
67.1035299879961,FALSE
68.1697993288503,FALSE
67.3941892011199,FALSE
66.8658976386116,FALSE
66.6201244341845,FALSE
68.2786665815438,FALSE
66.3006676905349,FALSE
67.5642505256352,FALSE
67.3029419558207,FALSE
67.2154411567731,FALSE
67.9210029993218,FALSE
66.1124481076582,FALSE
66.9971069860306,FALSE
66.8048263757734,FALSE
64.7653210987554,FALSE
67.478322984969,FALSE
68.6226920154016,FALSE
65.8039259144562,FALSE
68.6595091621653,FALSE
67.2045454338829,FALSE
68.3859758527086,FALSE
66.1421882052,FALSE
67.6858620758686,FALSE
66.4183374604554,FALSE
66.3154470903811,FALSE
67.3784729220957,FALSE
68.3129574096151,FALSE
67.3140215208554,FALSE
66.4978148260795,FALSE
68.2521146035208,FALSE
66.6968446219693,FALSE
67.8112318644448,FALSE
65.7406212064591,FALSE
67.7629872891955,FALSE
66.196546459672,FALSE
66.6206160831975,FALSE
65.6335057145531,FALSE
70.5192990649636,FALSE
65.7868515029771,FALSE
67.1943573172978,FALSE
67.0943656371761,FALSE
66.1215085813921,FALSE
67.2604358587559,FALSE
67.6577070628779,FALSE
67.7657965295151,FALSE
64.7646393738928,FALSE
66.0971738830955,FALSE
66.8336161651686,FALSE
66.9345005833079,FALSE
66.494361979024,FALSE
67.5202867146652,FALSE
67.0357014830748,FALSE
66.0893104359927,FALSE
67.9143431240149,FALSE
66.6632908791347,FALSE
67.0947628567464,FALSE
69.1272207163883,FALSE
67.1965844784908,FALSE
66.0323952604462,FALSE
66.7151027551567,FALSE
67.1644459970261,FALSE
65.8881291894757,FALSE
65.0706351807436,FALSE
66.5297391433056,FALSE
67.5343878339637,FALSE
66.0789500572915,FALSE
67.6843743526252,FALSE
68.5220787701111,FALSE
67.1946133049368,FALSE
68.6972247175084,FALSE
67.2780681862175,FALSE
66.4289895371515,FALSE
66.8421205600092,FALSE
69.4883393534895,FALSE
68.0713690940372,FALSE
67.3422190765435,FALSE
67.2213274266458,FALSE
67.06836274206,FALSE
67.3074216024105,FALSE
68.5086338635186,FALSE
67.6158422391002,FALSE
67.0898120180866,FALSE
64.6015472697813,FALSE
67.0478072907957,FALSE
67.3361433550299,FALSE
67.4348457360313,FALSE
67.211023628999,FALSE
67.1107934890092,FALSE
65.0066770893041,FALSE
68.5050157051376,FALSE
67.354157118848,FALSE
67.4348377802028,FALSE
67.7682439148207,FALSE
67.4096883686514,FALSE
65.0233483989871,FALSE
65.9124206365347,FALSE
68.0648639697368,FALSE
69.1202025368794,FALSE
66.4941624665368,FALSE
67.4069870805318,FALSE
69.0400257539365,FALSE
66.8060646275959,FALSE
68.3702228952761,FALSE
66.4846426522158,FALSE
66.2817671939247,FALSE
66.8227577145632,FALSE
66.5984235366831,FALSE
67.8298835676215,FALSE
66.2141933856421,FALSE
66.0614987834548,FALSE
67.4178067680129,FALSE
69.098097843651,FALSE
66.5511376582867,FALSE
65.9047119075098,FALSE
66.471027249538,FALSE
66.5152060619494,FALSE
67.1277570420477,FALSE
66.9253268931758,FALSE
66.640837864448,FALSE
64.9515194410056,FALSE
66.2488199794082,FALSE
65.4186169998231,FALSE
66.7102239424425,FALSE
66.3080454719822,FALSE
66.8280120542726,FALSE
66.7774359897671,FALSE
67.9192412788307,FALSE
65.8899345199051,FALSE
66.3391110027937,FALSE
66.12622508769,FALSE
66.8671902988674,FALSE
67.3054891036087,FALSE
69.16384248472,FALSE
67.8803785048363,FALSE
67.5051162525466,FALSE
67.1105902052803,FALSE
66.7071414174573,FALSE
67.7723199917197,FALSE
69.1287942290808,FALSE
67.547967970272,FALSE
68.5321292289321,FALSE
68.6664308537245,FALSE
66.5219999507813,FALSE
66.6313183747168,FALSE
66.4838338728171,FALSE
67.3969376893285,FALSE
66.6851282399913,FALSE
66.3153101992769,FALSE
68.6322477889663,FALSE
66.3154662385526,FALSE
66.6869230304453,FALSE
66.359967347644,FALSE
67.6353043577508,FALSE
67.0248483659564,FALSE
67.2276222115828,FALSE
66.7539317536174,FALSE
67.0242238293597,FALSE
65.755417534291,FALSE
65.7940254604646,FALSE
67.273093950353,FALSE
68.7294140335842,FALSE
65.9350491311392,FALSE
66.8862633116566,FALSE
66.3562485290708,FALSE
67.940648417756,FALSE
68.9188101759271,FALSE
65.9939544499354,FALSE
67.5470826304146,FALSE
67.0338470585535,FALSE
66.684171070578,FALSE
67.2885445926633,FALSE
66.6556077979443,FALSE
67.1166314350851,FALSE
67.5429659679486,FALSE
68.1439475442835,FALSE
65.7154511549048,FALSE
67.919811790402,FALSE
66.1539098391287,FALSE
65.5806957270658,FALSE
64.3343024108456,FALSE
67.8351061408042,FALSE
69.3774465489396,FALSE
67.0139697082719,FALSE
65.3665760053616,FALSE
67.4889324732203,FALSE
65.9808205908131,FALSE
68.090553482873,FALSE
65.8605301949854,FALSE
66.9842743649936,FALSE
67.2974912822556,FALSE
70.2005900400366,FALSE
67.0892442443607,FALSE
67.5709723379918,FALSE
67.5286856304379,FALSE
66.5590952017794,FALSE
66.3272066316383,FALSE
69.1543133646786,FALSE
67.593852716305,FALSE
66.6159362319656,FALSE
67.7197832761909,FALSE
68.7081734019592,FALSE
68.0752156674707,FALSE
67.7774203672188,FALSE
67.052200046909,FALSE
65.916301514964,FALSE
66.9911437931443,FALSE
69.0306431121788,FALSE
65.8866710667644,FALSE
68.1382719245775,FALSE
66.3851073578512,FALSE
64.8064633850576,FALSE
65.784313627917,FALSE
66.954673638494,FALSE
68.598812624378,FALSE
67.9275421995211,FALSE
67.829284552421,FALSE
68.0246038758018,FALSE
66.5237619316895,FALSE
68.6388683928811,FALSE
66.3679490417425,FALSE
65.6203814239982,FALSE
66.7425442519408,FALSE
68.6799727114113,FALSE
64.4541419623218,FALSE
67.0120787840592,FALSE
68.9609251111656,FALSE
66.6140945188252,FALSE
67.9107575479171,FALSE
65.5518692058034,FALSE
65.8783854037821,FALSE
66.0263820941546,FALSE
66.932813078093,FALSE
64.8601580869234,FALSE
65.7365207559739,FALSE
67.0833079688111,FALSE
67.1883251297335,FALSE
67.1898141934373,FALSE
67.2176153523402,FALSE
66.3511858582462,FALSE
67.2547743830422,FALSE
66.5311699853476,FALSE
65.8074899461635,FALSE
67.1212282351492,FALSE
65.964067342384,FALSE
66.808111705247,FALSE
66.029453663525,FALSE
67.0577719376499,FALSE
64.8893073253646,FALSE
67.978176273988,FALSE
67.3710217367631,FALSE
67.7209109305588,FALSE
68.8795948801955,FALSE
66.6036838879256,FALSE
67.1103229474729,FALSE
66.4068591187608,FALSE
67.4196217698077,FALSE
66.4542612567768,FALSE
68.1609214994709,FALSE
67.6398178343646,FALSE
66.8779795568091,FALSE
67.1846450264357,FALSE
66.4821939773536,FALSE
67.0679883522528,FALSE
66.8152028444463,FALSE
65.5963083848047,FALSE
67.2297407055495,FALSE
66.1109186985447,FALSE
66.8395988233007,FALSE
66.7578632063333,FALSE
66.9711628036746,FALSE
66.6837845257974,FALSE
66.5838399125762,FALSE
65.9761040429742,FALSE
68.0994952751084,FALSE
67.8177124704722,FALSE
67.1688755096279,FALSE
67.0386654404297,FALSE
68.0781748917722,FALSE
67.379427297094,FALSE
65.9218254410389,FALSE
67.1887634682949,FALSE
68.5831335075513,FALSE
66.7498877048077,FALSE
67.3429942194082,FALSE
66.8752981169593,FALSE
66.0066852369991,FALSE
65.9785609149315,FALSE
67.8406429278551,FALSE
67.8495731182166,FALSE
67.4696189420592,FALSE
65.7303447391072,FALSE
65.8948797811567,FALSE
65.1020540348394,FALSE
67.4917872649015,FALSE
66.2952776831739,FALSE
68.7775761297664,FALSE
66.7546109706603,FALSE
64.8887476820374,FALSE
66.4146854641675,FALSE
66.4820962741115,FALSE
67.5139191452385,FALSE
66.3735730811593,FALSE
67.1921425951222,FALSE
65.5727220083123,FALSE
67.4009910279799,FALSE
68.1615649560442,FALSE
67.3263468045485,FALSE
65.9850177265778,FALSE
67.1012583622827,FALSE
67.9918932791449,FALSE
68.1026507586851,FALSE
67.2803750165853,FALSE
66.5938225903125,FALSE
68.2864126901447,FALSE
66.7459694213889,FALSE
65.8555512962854,FALSE
67.2664109101453,FALSE
67.6368557483397,FALSE
65.5978849073007,FALSE
65.4881751729832,FALSE
66.6988071407364,FALSE
67.4913611488825,FALSE
66.1018435042214,FALSE
65.4249451855346,FALSE
66.4967433330763,FALSE
66.3770915590341,FALSE
66.3151700103002,FALSE
66.7784832355924,FALSE
67.3880508326938,FALSE
66.1936835442929,FALSE
66.45278694564,FALSE
68.2134941440868,FALSE
66.5829867699207,FALSE
67.1645931851772,FALSE
65.4303729927181,FALSE
68.4666758899016,FALSE
65.5039145505048,FALSE
65.8497109810862,FALSE
64.976990856053,FALSE
66.3183476049874,FALSE
67.5070104139892,FALSE
67.7471118942715,FALSE
67.175989014245,FALSE
66.5624764207907,FALSE
67.94272615351,FALSE
67.8910449601695,FALSE
65.308214042384,FALSE
66.2878526072021,FALSE
66.6677311078308,FALSE
67.9830334529131,FALSE
66.0119582158929,FALSE
67.2655464461027,FALSE
66.2718138451406,FALSE
68.3754050134723,FALSE
66.4007356674727,FALSE
66.7278267984654,FALSE
67.4053247732899,FALSE
67.8467341233922,FALSE
67.5181259837423,FALSE
68.5794137709042,FALSE
66.8870483018469,FALSE
66.5153470677472,FALSE
64.6221461738917,FALSE
66.3639519929414,FALSE
67.0356637704058,FALSE
66.8908331233488,FALSE
65.1286948384745,FALSE
66.920666909708,FALSE
66.6814031442543,FALSE
67.1181811185284,FALSE
67.5324036310625,FALSE
66.8023160600222,FALSE
68.6643790270939,FALSE
67.3144950863939,FALSE
67.6015917587089,FALSE
65.570442464243,FALSE
66.5270008539275,FALSE
66.512111170875,FALSE
68.0273886491795,FALSE
65.90423631377,FALSE
66.0835543915526,FALSE
68.054094779201,FALSE
65.5601659650154,FALSE
67.5325641092385,FALSE
65.9530712258283,FALSE
67.0873858808968,FALSE
66.8258883094366,FALSE
66.466173669248,FALSE
67.0993177469309,FALSE
65.9798929009264,FALSE
67.4300418316091,FALSE
68.5028477590833,FALSE
66.7292392045434,FALSE
67.8715554154445,FALSE
65.7837061896014,FALSE
65.1072613314481,FALSE
66.1776174293843,FALSE
67.7517820151062,FALSE
67.7735745181951,FALSE
65.2124677422019,FALSE
67.0888174691683,FALSE
66.8199470960586,FALSE
65.5282850978874,FALSE
67.4900949468369,FALSE
66.6021667942627,FALSE
66.830320558484,FALSE
64.7850171798241,FALSE
68.0081452362222,FALSE
67.5242606953504,FALSE
67.2648206354143,FALSE
66.6117436456937,FALSE
66.600548080403,FALSE
67.2271461903167,FALSE
66.3888430197284,FALSE
67.540650477803,FALSE
67.9099550017343,FALSE
68.4066222763532,FALSE
66.2444128787335,FALSE
66.9794075711583,FALSE
67.1378585158463,FALSE
66.078459607507,FALSE
67.5765234313737,FALSE
67.2988937195545,FALSE
66.1376989633648,FALSE
66.1898619085451,FALSE
67.4725558980393,FALSE
67.5684990253595,FALSE
68.4130982693818,FALSE
67.0588173803835,FALSE
66.41655207914,FALSE
67.2701230851101,FALSE
68.0780464409545,FALSE
66.8534203784092,FALSE
66.3647464094402,FALSE
67.5240846545556,FALSE
68.1051460808749,FALSE
66.4989880970668,FALSE
67.4241926014891,FALSE
65.9226423382586,FALSE
66.3741625092075,FALSE
67.8401205707962,FALSE
66.940533390662,FALSE
66.9227824543759,FALSE
67.4167096274229,FALSE
65.6200856717407,FALSE
65.5178500669008,FALSE
67.1220714107308,FALSE
68.195887445985,FALSE
66.745937594671,FALSE
66.6555926837698,FALSE
65.1902008488787,FALSE
65.3691049817,FALSE
66.7280341282384,FALSE
65.2090986544307,FALSE
66.7715007733531,FALSE
68.7842409482725,FALSE
66.833686424919,FALSE
67.8090873938717,FALSE
66.0276706538242,FALSE
65.0474976459552,FALSE
68.7864225195296,FALSE
68.3129877480503,FALSE
68.1086747346578,FALSE
66.0067992751091,FALSE
67.5260998030192,FALSE
66.2319289877655,FALSE
67.5290000509781,FALSE
67.1425379917478,FALSE
65.459506686992,FALSE
66.2231909011957,FALSE
63.9467002092289,FALSE
67.8714742901848,FALSE
67.1909621485224,FALSE
67.8495726290676,FALSE
66.4365182674834,FALSE
68.20441692811,FALSE
68.7044926869567,FALSE
66.9419913937693,FALSE
67.7708767167457,FALSE
66.9723096762362,FALSE
68.3031310959971,FALSE
66.2884141142701,FALSE
66.2288079512452,FALSE
65.6610921751877,FALSE
67.4081606524217,FALSE
67.2065375886578,FALSE
66.7755236960079,FALSE
65.4959718362061,FALSE
67.2387983789288,FALSE
66.5599055186482,FALSE
68.0859483342483,FALSE
67.2879372781334,FALSE
66.407417761538,FALSE
65.9695176590752,FALSE
67.7227388576418,FALSE
66.18516744045,FALSE
67.4146351536177,FALSE
66.8073634714608,FALSE
66.58989134193,FALSE
67.206361536677,FALSE
67.2846301863464,FALSE
66.3951151642525,FALSE
67.58322059258,FALSE
67.2801450097482,FALSE
68.3156103420696,FALSE
65.5473231786711,FALSE
65.8419908541275,FALSE
66.9528217150527,FALSE
67.1629123457325,FALSE
67.9409331294711,FALSE
66.6071659172676,FALSE
66.4376679578442,FALSE
68.5020734018666,FALSE
66.5227383634925,FALSE
66.2498364315462,FALSE
65.9819413504774,FALSE
65.9453105090023,FALSE
66.3586547459625,FALSE
68.4045373725882,FALSE
66.934248663519,FALSE
66.9506073833701,FALSE
67.5108274572037,FALSE
67.2850625931992,FALSE
66.9558202583568,FALSE
69.160619408171,FALSE
67.2514378547214,FALSE
66.2421972565807,FALSE
69.0291143237164,FALSE
66.2402458310216,FALSE
67.5409988081077,FALSE
64.7332349971486,FALSE
65.6327817728453,FALSE
68.0460891758111,FALSE
67.3455311503156,FALSE
68.1697036206803,FALSE
68.6227907457786,FALSE
66.7220388057288,FALSE
65.8370323047194,FALSE
67.8751511316092,FALSE
67.2441952783034,FALSE
66.974530582928,FALSE
66.9229486698148,FALSE
64.9494355335636,FALSE
67.0613371302252,FALSE
66.5050015514519,FALSE
67.4792696694252,FALSE
67.7513905952084,FALSE
67.1725892446305,FALSE
66.9391528060583,FALSE
67.6369663532182,FALSE
65.5360166800285,FALSE
66.1509304079478,FALSE
67.5089400747844,FALSE
67.6324609506219,FALSE
68.1662447439333,FALSE
67.3905791785643,FALSE
66.8630834438264,FALSE
65.9061957530494,FALSE
65.3302002107956,FALSE
68.1319465546123,FALSE
67.5696478066568,FALSE
66.3705999318747,FALSE
66.0825945818358,FALSE
67.9956580223964,FALSE
66.1105118241017,FALSE
68.3259767483239,FALSE
67.3409506208948,FALSE
68.2620764976301,FALSE
69.1896573759,FALSE
68.8667364269596,FALSE
67.7350911655826,FALSE
66.2136956010584,FALSE
66.1230257434974,FALSE
65.7791318722368,FALSE
68.6166518571335,FALSE
67.4980437556074,FALSE
68.6025592708658,FALSE
67.6355755782688,FALSE
65.9315682019341,FALSE
65.2920730355067,FALSE
65.9787815808956,FALSE
66.7728938777748,FALSE
68.2424643520905,FALSE
66.4210914222747,FALSE
68.0320771577646,FALSE
66.808522493585,FALSE
66.5758139017227,FALSE
64.6083868902194,FALSE
68.6460653429641,FALSE
66.2329396486443,FALSE
67.7562709772949,FALSE
68.4927096668558,FALSE
67.6559360575771,FALSE
67.4947171686038,FALSE
66.7468981252416,FALSE
66.3370583846939,FALSE
67.562125564107,FALSE
66.2207021079506,FALSE
67.8589622708422,FALSE
67.9349611447434,FALSE
66.2080474964107,FALSE
68.359486951815,FALSE
67.0196493770584,FALSE
65.8140597084537,FALSE
67.3436321227067,FALSE
67.5854878472791,FALSE
65.5697993297591,FALSE
68.0190293951454,FALSE
67.320298932239,FALSE
66.498423823666,FALSE
66.8586239721829,FALSE
65.5691817833985,FALSE
67.5878576541169,FALSE
67.8689635739866,FALSE
67.4566549917442,FALSE
65.6440404757069,FALSE
67.6438077904464,FALSE
67.0701011878646,FALSE
67.0103915611823,FALSE
67.7211999780061,FALSE
67.0938149024611,FALSE
66.4357429682814,FALSE
67.0070236824527,FALSE
66.4384625138247,FALSE
68.7559596974158,FALSE
67.1704266038091,FALSE
68.0651952038506,FALSE
68.5041561305144,FALSE
67.6599596974878,FALSE
66.1617989238656,FALSE
67.3946890596449,FALSE
66.6203740056982,FALSE
69.0667798958086,FALSE
65.9702502305697,FALSE
66.8769044962991,FALSE
67.1739577066279,FALSE
67.5531906003189,FALSE
66.2409313222473,FALSE
67.0358295940394,FALSE
66.9965049372096,FALSE
66.7798095840503,FALSE
65.4423197536055,FALSE
66.7619540444111,FALSE
67.424982481632,FALSE
66.5532202850248,FALSE
65.5981452195293,FALSE
66.4525857433927,FALSE
67.2479417689658,FALSE
65.6482974607812,FALSE
68.2853746702425,FALSE
69.0966329943241,FALSE
65.9242833292138,FALSE
67.6438185551891,FALSE
67.8111070859914,FALSE
66.6266308377217,FALSE
66.8822442975334,FALSE
67.9395093005486,FALSE
66.7764555138864,FALSE
65.8111342484184,FALSE
67.5999611629256,FALSE
66.136693982003,FALSE
66.3308638882669,FALSE
67.7580809126409,FALSE
67.9772123226542,FALSE
68.4869604274728,FALSE
67.8091820233488,FALSE
68.0495912980797,FALSE
65.6216826851221,FALSE
65.8336202683316,FALSE
67.4505316625448,FALSE
67.5539867392915,FALSE
67.1715337852761,FALSE
66.1931185296069,FALSE
67.9788528782018,FALSE
68.171035497712,FALSE
66.7452490011206,FALSE
66.7382205263955,FALSE
68.3570085370016,FALSE
68.0481954276737,FALSE
69.2288984855557,FALSE
65.5294811880846,FALSE
65.9687499586187,FALSE
67.1648135274382,FALSE
65.7561618437503,FALSE
67.1163081738185,FALSE
68.1975473701615,FALSE
66.3018690124273,FALSE
67.2936049481999,FALSE
67.4372977438196,FALSE
67.6277625725078,FALSE
65.8394564855057,FALSE
66.9792115815262,FALSE
68.044724089384,FALSE
68.3115945847123,FALSE
66.9175609717955,FALSE
67.9192247617291,FALSE
66.7567300787016,FALSE
67.3510943766417,FALSE
65.6596158278922,FALSE
67.4258460944801,FALSE
66.1856462665592,FALSE
67.6933740806737,FALSE
67.7055445559295,FALSE
67.2783505388023,FALSE
65.797307858014,FALSE
67.6427618173939,FALSE
66.3940260549535,FALSE
65.6227423866626,FALSE
66.0740073128239,FALSE
67.5672438568853,FALSE
69.5954812602946,FALSE
66.7600154525538,FALSE
67.6875364010875,FALSE
66.8482110137604,FALSE
67.2275442600276,FALSE
66.3313519619493,FALSE
67.0308290665835,FALSE
67.0284295576207,FALSE
66.6345449263661,FALSE
64.7919878047947,FALSE
67.2970394272136,FALSE
69.1297006585474,FALSE
68.3250411425943,FALSE
66.8838285533208,FALSE
65.5298537789481,FALSE
66.6207281654968,FALSE
65.5349940687075,FALSE
68.0751482628703,FALSE
65.7738751231375,FALSE
63.9436717664369,FALSE
68.4506577754392,FALSE
67.7179768588486,FALSE
67.4418027538527,FALSE
65.8607329603426,FALSE
66.0271551683068,FALSE
64.786831806608,FALSE
67.5933059166669,FALSE
66.308985690521,FALSE
65.8869462439782,FALSE
68.3417004765141,FALSE
65.7227210933634,FALSE
66.0816510903449,FALSE
67.796081555234,FALSE
67.533575458813,FALSE
68.2288397703309,FALSE
66.1930739616094,FALSE
68.3535093800881,FALSE
65.2352977644973,FALSE
66.9949709670506,FALSE
67.4271488355817,FALSE
67.2104398689403,FALSE
65.3338149723672,FALSE
68.1848449148405,FALSE
67.9942695385667,FALSE
67.9267469280055,FALSE
66.7353300805772,FALSE
66.7697510872794,FALSE
66.4955284684798,FALSE
65.0091605845777,FALSE
67.7439787190751,FALSE
66.4431301300367,FALSE
66.5206902141477,FALSE
69.0620496677549,FALSE
67.3777836193909,FALSE
66.2256879530488,FALSE
68.3856663809657,FALSE
66.6175393449156,FALSE
68.0981798698054,FALSE
67.8196897843283,FALSE
67.5190384195284,FALSE
65.6856823032174,FALSE
67.2570268801277,FALSE
67.3486049455017,FALSE
67.158781880579,FALSE
66.8150868716919,FALSE
68.9501984306882,FALSE
68.731418546027,FALSE
66.9929064670691,FALSE
67.5052937061031,FALSE
68.3759374192124,FALSE
69.1665242656491,FALSE
67.2045406482351,FALSE
66.6314142121781,FALSE
68.7146646339868,FALSE
67.8315306138416,FALSE
65.8032728342514,FALSE
66.7991994002769,FALSE
68.3652013854154,FALSE
66.9718342312635,FALSE
65.2400324131853,FALSE
66.3990794739504,FALSE
67.621008765427,FALSE
65.5950163484946,FALSE
65.0959161404491,FALSE
66.5092229444094,FALSE
66.4648315662777,FALSE
66.6456492605078,FALSE
65.1981391906003,FALSE
66.8581267543584,FALSE
65.4685432269716,FALSE
67.7477239348391,FALSE
66.0731375860742,FALSE
67.5263548059591,FALSE
66.596535958397,FALSE
66.9689781202867,FALSE
67.5240287253086,FALSE
67.9513304932253,FALSE
68.434041031334,FALSE
68.2118138221826,FALSE
66.3211549585367,FALSE
63.7595099438821,FALSE
67.7563529605595,FALSE
69.1365808228386,FALSE
68.0324020752699,FALSE
64.6491021706958,FALSE
67.5101664101527,FALSE
68.3862887507509,FALSE
65.1964371948906,FALSE
65.4734619208633,FALSE
65.7031285167642,FALSE
65.23252914489,FALSE
67.8653282652037,FALSE
66.2275951863373,FALSE
66.8891542805945,FALSE
65.7663546242318,FALSE
68.3301623448261,FALSE
66.1045932701924,FALSE
66.9987200192525,FALSE
68.0757589731693,FALSE
67.2767932468373,FALSE
69.2314007835681,FALSE
66.6831409993158,FALSE
66.7042962764408,FALSE
66.718694576635,FALSE
67.0411617376334,FALSE
66.2854105445789,FALSE
69.5235859655545,FALSE
67.2333733209416,FALSE
67.0532262603321,FALSE
67.0073177350124,FALSE
65.10387565539,FALSE
67.481091345298,FALSE
67.3320065152703,FALSE
66.3545009226343,FALSE
66.6307300699776,FALSE
66.583974027153,FALSE
67.575634029659,FALSE
66.1206758853081,FALSE
66.1904410378715,FALSE
67.4926697696648,FALSE
66.1961126687911,FALSE
66.6553110461387,FALSE
67.1926790056491,FALSE
67.4648076824106,FALSE
66.069395637222,FALSE
68.3390208657965,FALSE
67.1679515240097,FALSE
65.7046162325113,FALSE
66.1020903540448,FALSE
66.8008526382684,FALSE
67.0134712793593,FALSE
66.8046277334458,FALSE
64.9949179997127,FALSE
67.2780551631473,FALSE
66.2990192269373,FALSE
67.6449347056034,FALSE
67.698155586285,FALSE
67.9972710083469,FALSE
65.3567158504444,FALSE
66.1992374614919,FALSE
67.2427340330258,FALSE
66.8942810219314,FALSE
66.820977123126,FALSE
65.5809282230033,FALSE
67.6308903128474,FALSE
67.4198106879548,FALSE
66.2235948407629,FALSE
66.223381293342,FALSE
65.9798321941907,FALSE
67.1675417658021,FALSE
65.7523961942214,FALSE
65.7419666578902,FALSE
67.2400204146682,FALSE
67.3537255243508,FALSE
66.5186309142255,FALSE
65.1518673371938,FALSE
66.4360666390209,FALSE
66.0297088684339,FALSE
66.6024393646787,FALSE
67.4190440844918,FALSE
66.9899344841504,FALSE
67.354464324506,FALSE
66.4501316079934,FALSE
67.7311191933556,FALSE
67.3131711615798,FALSE
68.5400528426772,FALSE
67.3020302967006,FALSE
66.5909962624491,FALSE
67.4545041494878,FALSE
67.0523575054425,FALSE
65.5761663751038,FALSE
68.3386505254596,FALSE
66.1299926335757,FALSE
67.0607469859204,FALSE
68.6868449542003,FALSE
66.5363550070706,FALSE
67.8789055648764,FALSE
65.7973477992135,FALSE
68.0472384895929,FALSE
67.5177403770619,FALSE
66.3604686818868,FALSE
65.878089896704,FALSE
64.758950960783,FALSE
68.5020264785565,FALSE
65.8944386187634,FALSE
67.407881343631,FALSE
66.5109609571813,FALSE
65.6972110699308,FALSE
65.9783899708444,FALSE
67.3571814631245,FALSE
66.3589296973938,FALSE
65.9849300718918,FALSE
66.8887145599241,FALSE
66.8079165461502,FALSE
66.0901558470453,FALSE
67.3896077570705,FALSE
66.7699220849136,FALSE
67.1880270014268,FALSE
64.9747677101717,FALSE
65.5857490169999,FALSE
67.7400657093336,FALSE
67.5110551922639,FALSE
66.3982996552872,FALSE
67.8644933660453,FALSE
66.7313337045439,FALSE
67.5592865333819,FALSE
67.2349121486329,FALSE
66.974030629804,FALSE
66.0211879875001,FALSE
67.0405729116598,FALSE
66.8980924158517,FALSE
67.8584575990105,FALSE
66.0691164349557,FALSE
67.5304504368782,FALSE
66.4117177245001,FALSE
66.8290631706953,FALSE
68.3697942658431,FALSE
67.218064674887,FALSE
67.051199150828,FALSE
67.530856210231,FALSE
68.0166043670351,FALSE
67.547817483423,FALSE
66.8897175970193,FALSE
67.2162948549077,FALSE
65.7655794585201,FALSE
67.9560609132045,FALSE
67.4651510806409,FALSE
67.5596903488015,FALSE
67.8042603891932,FALSE
65.7646577976698,FALSE
66.7112061253669,FALSE
68.0062867422912,FALSE
66.8712894539413,FALSE
66.9449315525223,FALSE
66.723142016918,FALSE
67.3425123731035,FALSE
68.4552798951766,FALSE
66.2404128785021,FALSE
67.03912815521,FALSE
66.9323783671812,FALSE
66.8806435479741,FALSE
66.2663857091372,FALSE
65.9327821579126,FALSE
65.7965142369881,FALSE
66.6555005581813,FALSE
66.9781496045273,FALSE
68.7219700063913,FALSE
67.6426473603575,FALSE
66.3762284834696,FALSE
65.0287151035516,FALSE
67.5027203219641,FALSE
66.465606583398,FALSE
66.9294815847158,FALSE
67.7692553250362,FALSE
68.1723735875613,FALSE
66.7820711453964,FALSE
66.3699353776534,FALSE
67.8781821021279,FALSE
67.0852825535734,FALSE
65.9118421800233,FALSE
67.4320279815411,FALSE
69.1377986726124,FALSE
67.0620628305186,FALSE
66.2932532958919,FALSE
65.9399546962637,FALSE
67.8942917784617,FALSE
66.9451541515066,FALSE
66.760850153142,FALSE
66.1051217913165,FALSE
66.6616255671241,FALSE
66.9896783791811,FALSE
66.9679291948962,FALSE
67.092249788046,FALSE
66.0600464434657,FALSE
67.3990168244824,FALSE
65.9905254984528,FALSE
67.0123164982405,FALSE
65.5317245894643,FALSE
65.009778077117,FALSE
66.1824162649798,FALSE
66.2933853750831,FALSE
65.073072354083,FALSE
64.9461244588067,FALSE
68.6161743892106,FALSE
67.5879565337433,FALSE
66.179704215318,FALSE
68.1023719744296,FALSE
66.7606117915868,FALSE
67.6094410002995,FALSE
67.4640065201648,FALSE
67.5605362385762,FALSE
67.2520441853551,FALSE
65.8003195765537,FALSE
66.1212556620663,FALSE
65.8317695859638,FALSE
68.5397760229202,FALSE
66.7148762867629,FALSE
66.959201769765,FALSE
66.9837436166265,FALSE
66.9515167486212,FALSE
66.3665513952438,FALSE
67.036246865509,FALSE
67.5749691151221,FALSE
67.1498169149054,FALSE
68.6931071707947,FALSE
68.2327418721641,FALSE
67.1796435714743,FALSE
66.4268793538368,FALSE
66.7719430343629,FALSE
65.8679575700526,FALSE
68.0843100599923,FALSE
67.386199910626,FALSE
66.3156540930384,FALSE
67.4163540662391,FALSE
66.7504489995809,FALSE
67.2741413317982,FALSE
66.3142831681166,FALSE
67.5706372011068,FALSE
68.127134857953,FALSE
67.1495987521071,FALSE
65.6623150808739,FALSE
65.32679693505,FALSE
68.258562087063,FALSE
66.8879975981904,FALSE
66.4466705010309,FALSE
68.2987077698698,FALSE
66.8084445170169,FALSE
67.4387525550333,FALSE
67.6602578424865,FALSE
67.5497897195894,FALSE
66.9148499172925,FALSE
66.5848061377621,FALSE
64.9650029188,FALSE
66.5475411026472,FALSE
67.4871902247557,FALSE
66.0672313157494,FALSE
68.3965298146446,FALSE
67.3169720723401,FALSE
67.9011202392848,FALSE
66.5108996301583,FALSE
66.2724642805784,FALSE
66.4620840708962,FALSE
67.2818978016715,FALSE
66.3010582738299,FALSE
64.738572834984,FALSE
67.2981193857801,FALSE
66.2418563751227,FALSE
67.1862901849836,FALSE
66.9161012200881,FALSE
68.2055091752664,FALSE
67.9545867957151,FALSE
68.5491305211307,FALSE
66.9165963829433,FALSE
67.6135643113001,FALSE
65.9987312219753,FALSE
67.1354957180746,FALSE
66.5848736797367,FALSE
66.5763039207208,FALSE
67.8708227355114,FALSE
65.3394636234252,FALSE
67.2267494592823,FALSE
69.0514073927715,FALSE
67.3924740700736,FALSE
66.7252747785337,FALSE
65.7789362976976,FALSE
66.0511413498775,FALSE
66.4660584241444,FALSE
67.6773452291785,FALSE
68.3130394816437,FALSE
67.2693072380664,FALSE
68.138252306063,FALSE
68.2288365490408,FALSE
67.7140186737549,FALSE
68.0854590653658,FALSE
68.534282986095,FALSE
65.160198795126,FALSE
67.0405086336211,FALSE
64.8499257884688,FALSE
67.2168707464688,FALSE
66.4021317042259,FALSE
66.9239762744454,FALSE
65.9403258843098,FALSE
66.4524454855437,FALSE
67.095340964982,FALSE
68.3688655361688,FALSE
67.4420535140576,FALSE
64.9247935361066,FALSE
66.6921903365066,FALSE
65.5458704539328,FALSE
68.3096163140808,FALSE
68.4700866136326,FALSE
68.5104290295949,FALSE
66.9423447046311,FALSE
67.1380716125388,FALSE
68.0093443319728,FALSE
66.9038180417104,FALSE
69.0780368698331,FALSE
67.0475013945426,FALSE
68.1655109717875,FALSE
67.5927728853089,FALSE
66.6769416263225,FALSE
66.9234816148794,FALSE
65.3509622824493,FALSE
67.0612016899238,FALSE
67.1821510332171,FALSE
66.3417330778648,FALSE
66.1339156333205,FALSE
66.9366233999367,FALSE
67.0327900955229,FALSE
68.5322629147057,FALSE
67.4553213772677,FALSE
66.4359987876382,FALSE
66.2350581400561,FALSE
67.509052762937,FALSE
68.5682143666224,FALSE
69.1039460467968,FALSE
67.8333606764729,FALSE
65.4677506740836,FALSE
68.0823356457671,FALSE
66.9636009507411,FALSE
66.4475597029005,FALSE
65.5808365185148,FALSE
67.077991600775,FALSE
67.8403234395815,FALSE
65.2901440962868,FALSE
67.27776003521,FALSE
67.7401122314255,FALSE
65.7268296578688,FALSE
68.1319761525083,FALSE
67.2353140280783,FALSE
66.8684043213489,FALSE
66.4390701890873,FALSE
68.593346661788,FALSE
66.451366443563,FALSE
66.9267390003365,FALSE
68.7021251244333,FALSE
67.9338393346039,FALSE
66.6137624258555,FALSE
68.0029250713718,FALSE
64.9118537685146,FALSE
66.1863643421011,FALSE
66.273245288393,FALSE
67.0347001730835,FALSE
66.4429445477106,FALSE
66.7637312064038,FALSE
67.7363927491388,FALSE
66.8941976445905,FALSE
66.2463852441467,FALSE
65.5581171995266,FALSE
66.7929253683328,FALSE
66.7734363365016,FALSE
67.3626463948897,FALSE
67.1757658773086,FALSE
68.4923150492377,FALSE
67.163813809434,FALSE
68.2365945464861,FALSE
66.2192250863718,FALSE
66.4255733708681,FALSE
67.1606159646996,FALSE
66.8329155558245,FALSE
67.6793468134958,FALSE
67.7169585982298,FALSE
67.4754140332562,FALSE
68.7341578993599,FALSE
69.0690679424073,FALSE
68.4833069062528,FALSE
68.1031768583452,FALSE
65.3751998539051,FALSE
66.5040186603959,FALSE
66.6666094703228,FALSE
65.4162028929157,FALSE
67.3082376296845,FALSE
67.7114921324585,FALSE
68.6975915847966,FALSE
66.3739953592219,FALSE
67.1486064333335,FALSE
65.9731600728322,FALSE
67.101340286575,FALSE
66.2110177129258,FALSE
67.6882488146849,FALSE
68.45013574402,FALSE
66.5247747491547,FALSE
68.1147096190475,FALSE
68.0836375923779,FALSE
70.0840004880178,FALSE
67.0241786504464,FALSE
66.2094935171768,FALSE
66.8481821488243,FALSE
67.7077418364113,FALSE
65.3323642288159,FALSE
67.6135680862833,FALSE
67.3580398484629,FALSE
64.1517250945957,FALSE
68.4902009634812,FALSE
65.5774246273986,FALSE
65.5925669463604,FALSE
65.9076437055929,FALSE
66.641556828505,FALSE
65.1670902045645,FALSE
67.1753790918314,FALSE
67.3303849657423,FALSE
67.0089464477086,FALSE
67.3613687877539,FALSE
67.1597477039649,FALSE
65.8718372975379,FALSE
67.6406270953805,FALSE
67.9467516641434,FALSE
67.6822415137171,FALSE
65.3887557694574,FALSE
66.5898483495271,FALSE
66.9922684265807,FALSE
69.0175290531815,FALSE
67.1276652360555,FALSE
66.548940511262,FALSE
67.1004386377291,FALSE
66.651455587215,FALSE
67.7362103569889,FALSE
67.5504080496491,FALSE
68.2074368592701,FALSE
65.6090657855158,FALSE
67.278398701978,FALSE
66.6776780281054,FALSE
66.4382856142006,FALSE
65.9856817115081,FALSE
68.1359954222781,FALSE
65.5566875715674,FALSE
66.3051708697065,FALSE
68.0031938563434,FALSE
68.7161745884688,FALSE
67.7763873516592,FALSE
67.7887202657954,FALSE
65.3718926254355,FALSE
68.449786796346,FALSE
66.0290977055832,FALSE
67.630697855649,FALSE
67.8793903968436,FALSE
65.8711556608113,FALSE
67.2642908716378,FALSE
67.0911949112534,FALSE
67.740705645525,FALSE
67.6239700233576,FALSE
66.3864835287897,FALSE
65.920351080199,FALSE
68.515616798763,FALSE
65.5574799022747,FALSE
67.6633210622194,FALSE
67.6155517200198,FALSE
66.3711252480845,FALSE
67.306054351093,FALSE
67.8342304241473,FALSE
66.2087692329577,FALSE
65.9076227959096,FALSE
65.4467882475027,FALSE
65.7161543501447,FALSE
67.3161424356413,FALSE
69.3684075168228,FALSE
69.1706095788738,FALSE
66.3576621601183,FALSE
67.3786971784226,FALSE
68.0244125903707,FALSE
67.1671850125717,FALSE
67.0391872524991,FALSE
66.923540291249,FALSE
67.5727514234233,FALSE
68.101171804527,FALSE
67.5017192543091,FALSE
66.6064284762387,FALSE
65.4791406960997,FALSE
67.1807917533141,FALSE
66.090305232587,FALSE
66.2412824581039,FALSE
67.3039065043882,FALSE
68.2627713740502,FALSE
67.2006099302446,FALSE
66.204816044157,FALSE
67.0425287714949,FALSE
68.4969865067177,FALSE
67.8667814194795,FALSE
67.7975445105722,FALSE
65.545747168099,FALSE
66.5172762939332,FALSE
68.4916200533933,FALSE
67.6633940974539,FALSE
65.2142206880012,FALSE
66.0772893681962,FALSE
66.7722386248355,FALSE
65.9276769743862,FALSE
67.7461024790859,FALSE
66.2701675603753,FALSE
67.9430092052053,FALSE
66.9670571392009,FALSE
66.3855504886323,FALSE
66.3343701994682,FALSE
66.6313264100143,FALSE
66.910224333351,FALSE
67.6996442113477,FALSE
65.1387853512058,FALSE
68.1036961737526,FALSE
67.6601620814,FALSE
67.4125647996331,FALSE
65.3933643841914,FALSE
66.1949785292315,FALSE
65.9207817510462,FALSE
67.6849344068799,FALSE
68.8845054712638,FALSE
65.5291804309231,FALSE
66.7779260288341,FALSE
67.9418469217184,FALSE
67.5649012615598,FALSE
65.9354187029701,FALSE
68.4520249312995,FALSE
65.5557695636754,FALSE
66.2459999517381,FALSE
68.0500128248459,FALSE
67.7126507927044,FALSE
66.1001305204664,FALSE
66.9795894407371,FALSE
68.2696755859777,FALSE
67.1163017326505,FALSE
66.718898195615,FALSE
67.4093701720687,FALSE
67.4978427327943,FALSE
64.5556394714341,FALSE
66.1367677322739,FALSE
67.3783488777013,FALSE
68.7826310803382,FALSE
67.4933589192795,FALSE
67.2921252644699,FALSE
67.5720210856592,FALSE
66.785716437146,FALSE
66.7660444823525,FALSE
68.0122131708207,FALSE
67.2788530925667,FALSE
66.3298640622921,FALSE
67.1063839926304,FALSE
67.5952878777217,FALSE
67.7627637282337,FALSE
66.6582950995716,FALSE
68.6118621438188,FALSE
66.6837068389351,FALSE
65.5504210142837,FALSE
67.4506471817051,FALSE
68.1298996978818,FALSE
65.0419916764017,FALSE
66.8361803612412,FALSE
64.9180858950632,FALSE
65.9858020931565,FALSE
67.1123628949265,FALSE
65.7014025366061,FALSE
66.0773889274987,FALSE
65.6872369271105,FALSE
66.8574377862402,FALSE
64.6951165763673,FALSE
67.69586840969,FALSE
65.8440803094339,FALSE
66.6489447041132,FALSE
67.4631774638177,FALSE
65.8806843474845,FALSE
68.6086285688551,FALSE
66.7915092946013,FALSE
68.9239532043104,FALSE
66.2787382860169,FALSE
66.6850760476918,FALSE
66.3125268288197,FALSE
67.8433805465454,FALSE
66.7024891591879,FALSE
65.8903990482476,FALSE
67.061585477993,FALSE
67.3572744557791,FALSE
66.0731072069902,FALSE
67.4662813169401,FALSE
65.9605460081346,FALSE
65.5783208949635,FALSE
67.5420073142403,FALSE
67.01225306038,FALSE
66.8343168783663,FALSE
65.2589069665023,FALSE
67.3595513206747,FALSE
67.9502756656817,FALSE
66.3112503536262,FALSE
66.605497036309,FALSE
66.4128920513523,FALSE
66.0950473508003,FALSE
67.1849971363641,FALSE
67.6038968378432,FALSE
67.84320763179,FALSE
65.1082157898887,FALSE
66.5860254148292,FALSE
66.6567704633192,FALSE
66.5759078561085,FALSE
65.6531277186215,FALSE
66.010593159551,FALSE
67.1311459912761,FALSE
69.2060074648972,FALSE
66.5119740598785,FALSE
66.9414035394133,FALSE
67.3815073662373,FALSE
68.3960936662038,FALSE
67.1633836081183,FALSE
66.9255187619486,FALSE
65.9563768504938,FALSE
67.015755210101,FALSE
66.4313516000564,FALSE
67.3361344608647,FALSE
67.0725405996116,FALSE
65.5884718912402,FALSE
66.9391145761433,FALSE
66.5412951643305,FALSE
67.7295546064502,FALSE
68.0171460270733,FALSE
67.9378845740025,FALSE
66.2463919921042,FALSE
65.7414852720364,FALSE
67.4116793392891,FALSE
66.9801638321799,FALSE
65.5949600123901,FALSE
67.2475680866358,FALSE
66.0580950101264,FALSE
67.472957324864,FALSE
68.6388635592005,FALSE
68.4750588620917,FALSE
68.5665306557622,FALSE
66.0812804449878,FALSE
66.7448917226188,FALSE
64.6846703502484,FALSE
65.21942125539,FALSE
69.0119121582961,FALSE
67.7423578505253,FALSE
67.3025404933469,FALSE
66.0698487844662,FALSE
66.3762695725717,FALSE
68.1397860727179,FALSE
68.5250678257031,FALSE
66.9185995640823,FALSE
66.5867447747599,FALSE
67.177926097144,FALSE
65.3882401554659,FALSE
67.9343846125029,FALSE
67.7797664800688,FALSE
67.9488590962628,FALSE
66.7210657580281,FALSE
65.5465237007458,FALSE
67.9851274828295,FALSE
67.264175222127,FALSE
67.1818199363847,FALSE
66.5105709887989,FALSE
66.8560690003738,FALSE
68.3542749823308,FALSE
67.3486848717189,FALSE
67.8532997005489,FALSE
68.0120865479597,FALSE
66.0711192783098,FALSE
67.7960816372861,FALSE
66.197200530119,FALSE
66.5417543570165,FALSE
67.6862764087862,FALSE
66.4046996763787,FALSE
66.5926167800214,FALSE
66.6190499327052,FALSE
66.4207292200746,FALSE
65.6441128834874,FALSE
66.8869473890334,FALSE
68.0127046369619,FALSE
66.8185936873283,FALSE
65.5307247401617,FALSE
65.1045816600508,FALSE
65.9840029841032,FALSE
66.9152911620989,FALSE
66.2113599809111,FALSE
68.4490189601951,FALSE
67.4195211072163,FALSE
67.4069905871634,FALSE
66.5239687208702,FALSE
67.5650941695999,FALSE
65.8783591162423,FALSE
66.9305883797075,FALSE
67.1723395238684,FALSE
66.961595531089,FALSE
68.1775836063552,FALSE
68.6365407237303,FALSE
67.8535054553176,FALSE
65.4098993336535,FALSE
64.6010467351516,FALSE
67.007489570402,FALSE
66.5466020548398,FALSE
68.7565872590642,FALSE
68.527628636772,FALSE
67.1672023921346,FALSE
64.0767568841021,FALSE
64.7372417456147,FALSE
67.7591874702728,FALSE
64.8179888550497,FALSE
68.7174448289544,FALSE
64.852284930615,FALSE
67.3521260041963,FALSE
67.1110370026601,FALSE
67.1386332390696,FALSE
68.0077096740836,FALSE
66.7530304141539,FALSE
68.2303343304415,FALSE
67.3351331131003,FALSE
68.2919578912252,FALSE
66.9999976814261,FALSE
67.2933967255262,FALSE
65.717056618181,FALSE
69.3851254429293,FALSE
66.3597839151932,FALSE
67.1330253431948,FALSE
67.000731170653,FALSE
66.6871215172937,FALSE
65.9185382339857,FALSE
66.1192774290099,FALSE
68.0630152214082,FALSE
66.9923060348359,FALSE
67.8996957863853,FALSE
66.8671396736302,FALSE
66.1340790830619,FALSE
68.2354441678881,FALSE
67.3104195645065,FALSE
65.9138729659667,FALSE
67.0606896513236,FALSE
67.1328686418686,FALSE
66.2984700732762,FALSE
67.5640843052297,FALSE
68.660551356156,FALSE
68.0965046678219,FALSE
67.1074716755833,FALSE
68.1250317446288,FALSE
67.5737721662662,FALSE
67.5224183701768,FALSE
67.1789226380564,FALSE
64.7554604577073,FALSE
66.6961814676221,FALSE
67.684163450131,FALSE
66.7188355217992,FALSE
68.7309049020419,FALSE
64.8111352454667,FALSE
66.2399598141679,FALSE
65.9305940848428,FALSE
66.6531166516176,FALSE
67.7478705686015,FALSE
69.0382844597751,FALSE
68.9752164074722,FALSE
67.3011161899905,FALSE
66.138700663867,FALSE
68.0373584337107,FALSE
67.7525393338458,FALSE
66.2967690817083,FALSE
67.3875387599157,FALSE
68.4911324851264,FALSE
65.504018688927,FALSE
68.2887028870411,FALSE
67.0361752523404,FALSE
65.8584313239921,FALSE
66.6623752440285,FALSE
66.0044039190727,FALSE
67.4814132522541,FALSE
66.9018988603102,FALSE
66.7137544674488,FALSE
66.3057146143512,FALSE
68.3724377627221,FALSE
66.2800971959709,FALSE
66.4128598316508,FALSE
66.7698900522371,FALSE
67.6751816368245,FALSE
66.3315530927532,FALSE
66.5667904636634,FALSE
64.8650766457328,FALSE
67.4233106844832,FALSE
68.6298853104689,FALSE
68.2396256058966,FALSE
66.3160213303733,FALSE
67.4894659815424,FALSE
67.0638014257951,FALSE
66.6156764167016,FALSE
66.700019698079,FALSE
68.3473023312864,FALSE
65.9284006332139,FALSE
66.363448771597,FALSE
67.1928243967994,FALSE
67.7596490119081,FALSE
69.2965220722348,FALSE
65.5787153103449,FALSE
66.7986260211432,FALSE
67.9638491251019,FALSE
66.224298881305,FALSE
67.1585294096818,FALSE
66.6511669838864,FALSE
66.4516196791423,FALSE
67.7748793662346,FALSE
66.778160047007,FALSE
67.0904786011461,FALSE
68.1926415172647,FALSE
67.1419200281872,FALSE
66.7872165107001,FALSE
68.3184112626181,FALSE
65.8663376901951,FALSE
66.952292001588,FALSE
67.2852269335976,FALSE
65.7147942566212,FALSE
68.4717506695637,FALSE
65.8577009982233,FALSE
67.3633626194145,FALSE
65.804088855357,FALSE
67.0042946990471,FALSE
66.1480866259693,FALSE
64.5564408087946,FALSE
68.0628888946822,FALSE
67.7908534979218,FALSE
68.0520929557565,FALSE
66.0031190132452,FALSE
66.2962392567892,FALSE
66.6318363721634,FALSE
65.2534603099301,FALSE
66.9590659246758,FALSE
65.7646899303216,FALSE
67.6300323168988,FALSE
68.2568974836043,FALSE
66.4153296900236,FALSE
66.5529253243738,FALSE
66.4991931231449,FALSE
66.998253174748,FALSE
66.3409857638495,FALSE
68.1799542275166,FALSE
67.4861306031569,FALSE
67.3539341715368,FALSE
66.8243050279997,FALSE
66.1490011021678,FALSE
66.5454673415635,FALSE
66.9005673528953,FALSE
66.5120624268792,FALSE
67.0826238365991,FALSE
67.7490009262361,FALSE
67.1092167407715,FALSE
65.4560153502093,FALSE
65.5331319437196,FALSE
66.9296437321505,FALSE
66.2238243478508,FALSE
66.6225570484645,FALSE
66.6955312327022,FALSE
65.8350330163333,FALSE
67.2649411331555,FALSE
68.4382286311188,FALSE
67.3611040623102,FALSE
68.8900755811091,FALSE
68.4843547960969,FALSE
66.1111991304203,FALSE
65.8410282653781,FALSE
66.0809537449664,FALSE
68.8333614726115,FALSE
67.8390895479998,FALSE
65.7659834495623,FALSE
69.0648622007511,FALSE
67.503631291443,FALSE
69.0300068204672,FALSE
66.5613034578917,FALSE
69.4535436736952,FALSE
66.6146314420419,FALSE
67.5893337065912,FALSE
67.0648401449203,FALSE
67.3978536148766,FALSE
67.542711144469,FALSE
67.6596892658244,FALSE
64.8654157238241,FALSE
67.1073325246149,FALSE
67.8540677812363,FALSE
66.6660296172336,FALSE
67.4813533520122,FALSE
67.3139555454729,FALSE
66.1853146357791,FALSE
66.2257846317023,FALSE
66.7316792697296,FALSE
66.8535313859013,FALSE
65.9649888847126,FALSE
66.82276680694,FALSE
67.0216929538052,FALSE
67.2259433779097,FALSE
66.8786346386818,FALSE
66.9536288572292,FALSE
67.8703659206192,FALSE
66.033702351893,FALSE
67.6839355890765,FALSE
67.1339006350984,FALSE
67.349595664698,FALSE
66.3418977118814,FALSE
66.595558818693,FALSE
66.5630090352492,FALSE
65.9099029485038,FALSE
68.0317912794848,FALSE
67.607006477651,FALSE
66.098051522489,FALSE
67.1501160875798,FALSE
67.740837654554,FALSE
66.8376078808958,FALSE
66.3666253801581,FALSE
66.1044791569646,FALSE
69.0344653032551,FALSE
70.0032670567542,FALSE
66.4982983136356,FALSE
67.4498886692011,FALSE
68.3103481196154,FALSE
67.7634818654165,FALSE
66.0249948531104,FALSE
67.1958370378293,FALSE
67.5884858242934,FALSE
66.1384750921857,FALSE
67.2829921119874,FALSE
66.5965742254894,FALSE
66.3220311954636,FALSE
67.1032784358599,FALSE
66.4410753891074,FALSE
65.7464996482896,FALSE
67.578543770352,FALSE
68.4864370136642,FALSE
67.7424596521578,FALSE
66.9704144074063,FALSE
65.5930050948718,FALSE
68.0916404822499,FALSE
65.961428575964,FALSE
65.6570942666929,FALSE
66.2040235676959,FALSE
69.1244428570245,FALSE
66.4500667301379,FALSE
68.9947977666081,FALSE
66.6236204543024,FALSE
68.5752344017827,FALSE
66.9789598807088,FALSE
64.8444564013303,FALSE
68.379523297132,FALSE
66.8706870122838,FALSE
69.2500494227069,FALSE
67.8972059172132,FALSE
65.7810466414265,FALSE
67.2176337719684,FALSE
67.1120140320374,FALSE
66.0849486143457,FALSE
65.8066012276112,FALSE
67.8365307926136,FALSE
68.4909572334436,FALSE
65.2724862354181,FALSE
67.3668783175452,FALSE
67.1306007832059,FALSE
65.9188849401848,FALSE
65.373508766883,FALSE
67.6093191000836,FALSE
66.6162440521381,FALSE
67.2647066579251,FALSE
65.9240834760172,FALSE
65.2950800088762,FALSE
66.9099172979997,FALSE
67.2846787679858,FALSE
66.5569383443592,FALSE
66.7008838444789,FALSE
66.2260483367176,FALSE
67.2410809893024,FALSE
66.6624157475374,FALSE
68.2491335683729,FALSE
67.7086719245945,FALSE
68.3185073838222,FALSE
70.4585512793032,FALSE
66.8050507845379,FALSE
67.4287486424349,FALSE
65.5074784531236,FALSE
65.3162988821044,FALSE
66.4821238903621,FALSE
66.8508521050112,FALSE
65.91347280371,FALSE
67.1936916988193,FALSE
67.3299103679211,FALSE
67.4924869592515,FALSE
69.1759870675329,FALSE
65.7431702085894,FALSE
67.9514732752156,FALSE
67.3939670929467,FALSE
66.6756691898171,FALSE
66.0747052151327,FALSE
67.299560955141,FALSE
68.216459962417,FALSE
68.5856293695246,FALSE
67.4057451740327,FALSE
66.2165416917396,FALSE
65.7193259392543,FALSE
64.6834841856675,FALSE
67.11490000903,FALSE
66.9190383620232,FALSE
66.4132620970636,FALSE
68.3564553673018,FALSE
67.4982942580485,FALSE
67.4036648089005,FALSE
67.5480716661437,FALSE
67.6900035474037,FALSE
66.7125594330479,FALSE
66.4810996491802,FALSE
68.2504623326286,FALSE
66.7882230179757,FALSE
67.1399598237638,FALSE
67.9855528282088,FALSE
67.5095033003988,FALSE
66.4580976369634,FALSE
68.3830801049272,FALSE
66.6722448847734,FALSE
66.5273131160155,FALSE
66.0934120399351,FALSE
67.7888865258258,FALSE
67.2281924429759,FALSE
67.4525710918431,FALSE
65.139857018379,FALSE
67.3917266748233,FALSE
65.582524094446,FALSE
66.8197295125747,FALSE
67.4983745916647,FALSE
67.6026012863137,FALSE
66.517969245581,FALSE
66.8737509652697,FALSE
67.8745369225407,FALSE
65.7549681936633,FALSE
65.6508737861592,FALSE
68.0169442324358,FALSE
65.1750007980761,FALSE
66.5623647151647,FALSE
65.6214008426112,FALSE
65.1780667298754,FALSE
66.2045127916661,FALSE
66.4327259216614,FALSE
68.2938431310625,FALSE
68.1592316915263,FALSE
67.2204651953651,FALSE
66.146369575624,FALSE
68.3390693209702,FALSE
65.6773996401091,FALSE
66.6286263045297,FALSE
66.6862621167807,FALSE
65.7362588108811,FALSE
67.8111377121228,FALSE
65.4330858469863,FALSE
65.5495558937764,FALSE
67.9797361227484,FALSE
67.3701665651521,FALSE
67.1733164909637,FALSE
66.7264085376259,FALSE
67.0452516408879,FALSE
68.570805916637,FALSE
66.301643834479,FALSE
66.5727371494885,FALSE
67.0829862213428,FALSE
68.4543631486515,FALSE
68.2653657724061,FALSE
66.6391895852662,FALSE
66.0233106988368,FALSE
66.610056984914,FALSE
67.4179004491343,FALSE
67.0968285701288,FALSE
67.2339679240724,FALSE
66.996482299278,FALSE
64.908573524705,FALSE
67.109200779363,FALSE
65.8855782870804,FALSE
66.8885380708344,FALSE
66.8557406369675,FALSE
65.9944289191065,FALSE
67.5985845342488,FALSE
67.0430172676653,FALSE
67.3614288493061,FALSE
67.1363050108796,FALSE
65.2384216893559,FALSE
67.6231603934816,FALSE
66.7509138940879,FALSE
67.0931224009772,FALSE
67.0229701006152,FALSE
65.8181669886854,FALSE
67.0707233308377,FALSE
67.5695852887794,FALSE
68.6760933816938,FALSE
67.8030250730413,FALSE
66.143877051596,FALSE
67.0453635023797,FALSE
66.7731470319257,FALSE
65.6679370700399,FALSE
66.9826803098533,FALSE
67.0161845337714,FALSE
67.6276256938195,FALSE
67.1584737561954,FALSE
68.4929796950826,FALSE
68.6348580518372,FALSE
65.7407399559666,FALSE
66.7507072973908,FALSE
67.959137842882,FALSE
67.5413120787922,FALSE
68.1307880977172,FALSE
66.5475193754188,FALSE
65.9522557773845,FALSE
65.8277601317351,FALSE
66.1857347420847,FALSE
66.6858385594085,FALSE
67.5482279824527,FALSE
66.413914375757,FALSE
65.2196646379153,FALSE
68.657030227243,FALSE
66.6225170476286,FALSE
67.8145690304979,FALSE
67.7434744175939,FALSE
69,FALSE
70.6085714285714,FALSE
72.2171428571429,FALSE
73.8257142857143,FALSE
75.4342857142857,FALSE
77.0428571428571,FALSE
78.6514285714286,FALSE
80.26,FALSE
81.8685714285714,FALSE
83.4771428571429,FALSE
85.0857142857143,FALSE
86.6942857142857,FALSE
88.3028571428571,FALSE
89.9114285714286,FALSE
91.52,TRUE
90.49,TRUE
88.9071428571429,FALSE
87.3242857142857,FALSE
85.7414285714286,FALSE
84.1585714285714,FALSE
82.5757142857143,FALSE
80.9928571428571,FALSE
79.41,FALSE
77.8271428571429,FALSE
76.2442857142857,FALSE
74.6614285714286,FALSE
73.0785714285714,FALSE
71.4957142857143,FALSE
69.9128571428571,FALSE
68.33,FALSE
66.9034567711193,FALSE
69.5024617166968,FALSE
67.4667759091376,FALSE
66.4753763770701,FALSE
67.7846685669346,FALSE
66.0159267856523,FALSE
67.4064222200523,FALSE
66.8267033256198,FALSE
68.0021053144788,FALSE
67.3752330099966,FALSE
67.0429481739155,FALSE
67.0407739669368,FALSE
66.7666500117661,FALSE
67.5097609972876,FALSE
66.5417359169592,FALSE
67.0169574495323,FALSE
66.158799866313,FALSE
67.0717499640046,FALSE
67.3594091810257,FALSE
65.9183318093592,FALSE
66.4382701743017,FALSE
66.6476479659796,FALSE
66.4835656387148,FALSE
66.2073850012731,FALSE
67.8518623027244,FALSE
65.5381062414743,FALSE
66.5763083533352,FALSE
67.0666925815332,FALSE
68.6683561014789,FALSE
67.0549960192653,FALSE
66.0942824494482,FALSE
67.9834238529991,FALSE
66.9618769784686,FALSE
67.0502208086104,FALSE
66.0741589623308,FALSE
66.6482542869006,FALSE
65.4556405371552,FALSE
65.2196839619486,FALSE
67.790609751133,FALSE
66.8219246745024,FALSE
67.2364431953002,FALSE
68.8071260075477,FALSE
64.621571967635,FALSE
65.7981632531099,FALSE
66.9248213428011,FALSE
66.8753984907105,FALSE
66.6061487701818,FALSE
68.8457244067992,FALSE
68.0599842632589,FALSE
68.8255239627902,FALSE
66.4119469809326,FALSE
67.7532902481687,FALSE
67.4051954774647,FALSE
68.1516241164667,FALSE
67.0585395202452,FALSE
66.2518577140273,FALSE
67.1335930012069,FALSE
67.8061045884423,FALSE
66.0933374937504,FALSE
64.8734039280164,FALSE
65.8568455807493,FALSE
68.467081399726,FALSE
67.5369895984485,FALSE
69.0626932367458,FALSE
67.1590567215701,FALSE
66.8031964848144,FALSE
68.0647973999143,FALSE
66.2739169079413,FALSE
66.4427452162553,FALSE
67.793248175078,FALSE
67.0005564946174,FALSE
66.6901120377496,FALSE
66.6305418728448,FALSE
65.9657626738238,FALSE
66.9101029268587,FALSE
66.281097695503,FALSE
67.5218576662836,FALSE
66.3615249710275,FALSE
66.0106203899991,FALSE
67.3786797760323,FALSE
67.829806513206,FALSE
66.4776651259893,FALSE
67.3047027729685,FALSE
66.2842946686137,FALSE
68.7921637837221,FALSE
67.2873148389351,FALSE
66.4332035649325,FALSE
68.6603516949857,FALSE
67.1622793876681,FALSE
65.8956138698377,FALSE
66.9663758071032,FALSE
67.607791644052,FALSE
66.7287851524961,FALSE
67.4963991269451,FALSE
65.9834478360221,FALSE
68.7132695382933,FALSE
67.605238103022,FALSE
67.1353301601892,FALSE
68.2094360353866,FALSE
65.1638956457025,FALSE
66.7699959875396,FALSE
67.5974022744952,FALSE
65.2148545211958,FALSE
67.8907324175783,FALSE
66.3435621137207,FALSE
68.3591107873962,FALSE
68.8899899982936,FALSE
66.7210080386917,FALSE
65.4204651846813,FALSE
68.0316296193398,FALSE
66.754617692652,FALSE
67.744560370035,FALSE
67.755663082707,FALSE
68.3372354006215,FALSE
65.6974866986911,FALSE
66.0764894662836,FALSE
65.6652180584742,FALSE
66.9304368133493,FALSE
69.3455948483765,FALSE
67.1346264149173,FALSE
68.5947947562531,FALSE
68.802280253604,FALSE
68.6441211212545,FALSE
67.6297007487047,FALSE
65.4714205410793,FALSE
65.9742659393266,FALSE
66.0719111563346,FALSE
68.0291566349284,FALSE
67.6170151542032,FALSE
66.354035483482,FALSE
66.2534332510808,FALSE
65.936251410422,FALSE
67.3324191786181,FALSE
67.2587047495623,FALSE
66.2059357439799,FALSE
65.6455288721622,FALSE
66.628009796544,FALSE
66.3184434783313,FALSE
66.820421005413,FALSE
67.4197926953991,FALSE
65.7594043606096,FALSE
67.1625803288026,FALSE
67.5815244592935,FALSE
66.786097527788,FALSE
65.0364489940943,FALSE
67.5113011780417,FALSE
65.6125388210052,FALSE
69.5000770098732,FALSE
66.8712882267437,FALSE
67.0994223821181,FALSE
65.9927102355174,FALSE
66.0600817067142,FALSE
68.5702343285383,FALSE
67.2829104654315,FALSE
67.0346758874975,FALSE
67.6232974070736,FALSE
67.3161812360069,FALSE
66.7089744474269,FALSE
66.1335814723603,FALSE
66.630247251542,FALSE
68.7571828547589,FALSE
66.8986862740119,FALSE
67.0428973777837,FALSE
66.4680606060461,FALSE
66.4316244178493,FALSE
67.1139007382883,FALSE
67.4040356747778,FALSE
68.376935893771,FALSE
67.7965077738825,FALSE
66.3170201813584,FALSE
65.8408943254695,FALSE
64.297601699204,FALSE
66.4616578580775,FALSE
66.8810774251905,FALSE
68.6146556264738,FALSE
67.3115659859106,FALSE
67.2927492591676,FALSE
65.5962578367589,FALSE
66.3742685148454,FALSE
66.975790534439,FALSE
67.0061369252136,FALSE
67.2961483706498,FALSE
68.0180944192344,FALSE
69.4716370984151,FALSE
66.3432049672756,FALSE
67.0774126086231,FALSE
66.1571396017171,FALSE
67.2469591291628,FALSE
66.6212224087104,FALSE
68.8662720901437,FALSE
68.0027257079023,FALSE
68.1778592454529,FALSE
66.4108953668193,FALSE
66.4144709053347,FALSE
67.2781354977736,FALSE
65.768338679351,FALSE
66.9007460755927,FALSE
68.4969091960418,FALSE
68.493886277207,FALSE
68.7910114081871,FALSE
66.1998989418378,FALSE
68.6755115700699,FALSE
65.7681114315148,FALSE
67.2108499068212,FALSE
67.2532629438632,FALSE
65.9956419614574,FALSE
67.0561008209374,FALSE
68.0488216566836,FALSE
67.1660880274476,FALSE
68.2705594664318,FALSE
68.4342833779633,FALSE
66.922266111965,FALSE
67.3264011797555,FALSE
67.2439699895053,FALSE
66.8980748007245,FALSE
65.1784883606724,FALSE
66.6355163620424,FALSE
66.3654905952272,FALSE
68.6332397055767,FALSE
67.5280031084277,FALSE
69.4930014027605,FALSE
67.7032354676788,FALSE
67.2005168571677,FALSE
66.7245187666765,FALSE
66.1620962854868,FALSE
67.4244971484536,FALSE
67.5148535826215,FALSE
64.9844296642398,FALSE
64.962912616383,FALSE
68.2592849389599,FALSE
66.8768335527171,FALSE
67.472772420249,FALSE
67.4004883536034,FALSE
65.0876015603634,FALSE
67.5758910905291,FALSE
65.728093836757,FALSE
65.8660730245824,FALSE
67.1703803531186,FALSE
67.4535735381419,FALSE
66.0620576842906,FALSE
66.2543449460414,FALSE
66.2760307415434,FALSE
66.9879353248447,FALSE
66.8694171116844,FALSE
67.0016292456163,FALSE
67.6879436501788,FALSE
66.9792628758418,FALSE
66.1602912130188,FALSE
66.6855872075101,FALSE
66.4499641627318,FALSE
69.5929538898264,FALSE
66.9900664799213,FALSE
68.7580607492123,FALSE
68.6736685272341,FALSE
66.6762272109601,FALSE
66.7739971492677,FALSE
67.1162977412998,FALSE
65.8213515976184,FALSE
66.860011816355,FALSE
67.710221221193,FALSE
66.0230339479425,FALSE
67.7517875858075,FALSE
67.6219121519574,FALSE
67.4029644992039,FALSE
66.2809659572101,FALSE
67.3096353716372,FALSE
68.4942032247525,FALSE
66.7380550330922,FALSE
64.4038683793388,FALSE
66.8873677460814,FALSE
66.9257716886049,FALSE
64.7485722337134,FALSE
67.4055704567272,FALSE
66.563600707025,FALSE
67.9384111378592,FALSE
65.6336238924879,FALSE
67.5044141034746,FALSE
66.8197365913366,FALSE
66.220459985795,FALSE
67.4667677919758,FALSE
67.368190703896,FALSE
67.4623411941683,FALSE
68.5671404212654,FALSE
67.9200424223402,FALSE
66.4438651915556,FALSE
67.2484038296793,FALSE
66.8704630127598,FALSE
64.2494342617166,FALSE
68.1688637995547,FALSE
66.5285747607768,FALSE
67.0326638449787,FALSE
66.2646427593123,FALSE
68.818160268209,FALSE
66.9445248288591,FALSE
66.4678409795979,FALSE
66.0402377970752,FALSE
67.016579755067,FALSE
68.5902992893058,FALSE
66.4005535621703,FALSE
66.9412737953725,FALSE
66.6341904301594,FALSE
67.146617944664,FALSE
65.1333670380669,FALSE
67.4229188139944,FALSE
65.4037478307643,FALSE
66.1781354426679,FALSE
66.8798880869534,FALSE
67.6594104513545,FALSE
66.786454540605,FALSE
66.1999580933689,FALSE
65.0895644840596,FALSE
65.1195325446893,FALSE
65.9150686604669,FALSE
69.0316601075062,FALSE
67.1345864493043,FALSE
67.2840189353591,FALSE
66.5551180040757,FALSE
69.0463515808508,FALSE
67.3389808599918,FALSE
65.8564987168282,FALSE
67.1294422241242,FALSE
64.5309471200026,FALSE
65.3164479528915,FALSE
67.0059041345913,FALSE
67.9700856865874,FALSE
67.6946353556211,FALSE
67.0992356622282,FALSE
66.5176656569317,FALSE
67.0701450800297,FALSE
66.9636209624918,FALSE
67.192014600527,FALSE
66.0915363293257,FALSE
66.4584740557157,FALSE
66.732114844185,FALSE
67.5159698115103,FALSE
65.4975474379206,FALSE
65.7987011945163,FALSE
68.0500520263034,FALSE
65.1820924557821,FALSE
68.2038205956334,FALSE
64.6328765761858,FALSE
66.648313815918,FALSE
68.6314284043327,FALSE
67.1412495004323,FALSE
67.3128470336996,FALSE
68.3360897443033,FALSE
64.9828232412559,FALSE
67.6096412437301,FALSE
66.4678955993926,FALSE
68.3641020193946,FALSE
66.6402137998981,FALSE
67.8392143512174,FALSE
66.327085256006,FALSE
66.017915820982,FALSE
68.1641344521567,FALSE
67.6665312753607,FALSE
67.6280233907655,FALSE
66.3436674742486,FALSE
66.4074443797442,FALSE
66.4433461852788,FALSE
66.8956624063849,FALSE
65.4558719694119,FALSE
65.3503248083275,FALSE
66.2295593375822,FALSE
67.3253948872218,FALSE
66.3050297990458,FALSE
68.0279282849014,FALSE
68.4313223511901,FALSE
66.2675740879589,FALSE
66.3233936069545,FALSE
67.8860777475567,FALSE
66.2493800633717,FALSE
67.8846797501763,FALSE
68.9345983007796,FALSE
67.6120726204247,FALSE
67.4713294211508,FALSE
66.7389485762453,FALSE
68.1299073982853,FALSE
67.2041337939409,FALSE
67.3505302532268,FALSE
67.9118860458967,FALSE
67.7992923716994,FALSE
68.1580255634001,FALSE
69.0332649524299,FALSE
67.1270508777973,FALSE
67.8462136596653,FALSE
67.2363490798479,FALSE
68.0160910541167,FALSE
67.3190095186414,FALSE
66.1723507360145,FALSE
66.0767425834968,FALSE
68.0133618580001,FALSE
65.617574665845,FALSE
67.5538424774167,FALSE
66.9375286115607,FALSE
67.8383505981408,FALSE
66.8002360481268,FALSE
66.6415903635013,FALSE
66.6513666759842,FALSE
64.9648805312779,FALSE
66.9438742255253,FALSE
68.7134589820752,FALSE
67.1596852804695,FALSE
65.9204954311055,FALSE
69.0598971530222,FALSE
66.657005064814,FALSE
68.3852618594348,FALSE
67.1064419039664,FALSE
66.4089604608807,FALSE
66.9723737583314,FALSE
67.218138850937,FALSE
66.8786270995853,FALSE
65.8881186675746,FALSE
67.2007319900895,FALSE
67.032084824395,FALSE
65.6424634747586,FALSE
65.8031699239943,FALSE
67.3595670754764,FALSE
68.5789369700558,FALSE
68.7256162435424,FALSE
67.1475784512419,FALSE
66.3248397144818,FALSE
67.4854132294401,FALSE
65.7871183800266,FALSE
66.7114303129287,FALSE
66.0830806168956,FALSE
67.7738000837617,FALSE
66.0373201413222,FALSE
65.9282901641484,FALSE
66.9502451948103,FALSE
65.9830313785099,FALSE
65.7772284734812,FALSE
67.7567572384384,FALSE
68.7724173622175,FALSE
66.1114892668547,FALSE
67.8642673163391,FALSE
67.2023428373925,FALSE
66.1693655652439,FALSE
67.5196839861976,FALSE
67.2277110686754,FALSE
68.5255376402622,FALSE
66.2213045482981,FALSE
67.4328868046085,FALSE
67.588235900625,FALSE
68.4111146481469,FALSE
66.2306276959715,FALSE
66.6696910923293,FALSE
68.8809719834971,FALSE
67.3332256382485,FALSE
66.1950079660242,FALSE
67.5539766634127,FALSE
66.9122468660945,FALSE
68.4391688802725,FALSE
66.472264153366,FALSE
68.2835526288799,FALSE
69.8237909428203,FALSE
65.8440513433405,FALSE
68.6023100072628,FALSE
67.9054223763795,FALSE
67.4400683531103,FALSE
67.9407054542186,FALSE
68.8161537562273,FALSE
66.8662938664944,FALSE
66.6507464283572,FALSE
66.5334253777809,FALSE
66.1913104243675,FALSE
66.7817560499422,FALSE
66.4066454708138,FALSE
66.4227002169181,FALSE
67.3253024059111,FALSE
66.0047262037484,FALSE
65.5291401503682,FALSE
67.6803407327181,FALSE
66.4215371899607,FALSE
66.4448666335712,FALSE
67.3283348936659,FALSE
66.0499665021022,FALSE
68.9012787460279,FALSE
67.7317587867566,FALSE
66.2572345315835,FALSE
68.5585425087344,FALSE
66.9603283386408,FALSE
68.0314800919078,FALSE
67.9347172475011,FALSE
66.086026532911,FALSE
65.8605369246248,FALSE
65.262168539282,FALSE
66.7911183751173,FALSE
67.7555976037995,FALSE
67.2781897659838,FALSE
67.4195736731438,FALSE
66.1415701501605,FALSE
64.843098281899,FALSE
66.9774175587622,FALSE
67.4445384408215,FALSE
67.4677387815687,FALSE
67.2336008823373,FALSE
66.9132710243097,FALSE
65.8840973504383,FALSE
68.4896609637597,FALSE
67.4861248692312,FALSE
67.512632296474,FALSE
67.2547365205855,FALSE
67.616508665696,FALSE
65.4569812465756,FALSE
66.7263556480311,FALSE
66.5790055994237,FALSE
66.3980240369146,FALSE
67.4050523211614,FALSE
67.736873708272,FALSE
67.9642626561022,FALSE
68.031055532029,FALSE
67.7074664507908,FALSE
66.9099650415858,FALSE
66.6845244055184,FALSE
67.4652750658525,FALSE
65.9166592667901,FALSE
67.1091576813776,FALSE
65.0375758531742,FALSE
69.1540645761476,FALSE
66.2474198023673,FALSE
67.359539790923,FALSE
66.8332784093531,FALSE
68.1861291320827,FALSE
67.2038230302132,FALSE
66.5238195626443,FALSE
67.7903375704217,FALSE
66.1095945953362,FALSE
68.9019429370929,FALSE
66.9015528864103,FALSE
68.4229911420414,FALSE
67.9588438725726,FALSE
65.808657870756,FALSE
67.9869503670995,FALSE
66.8495594450673,FALSE
67.0598034804933,FALSE
68.3170756662972,FALSE
67.0318705158899,FALSE
66.9372601521898,FALSE
64.973086540863,FALSE
67.700922734675,FALSE
65.2587135226864,FALSE
66.0094715744695,FALSE
67.3433528576843,FALSE
67.231426162527,FALSE
66.1740555083783,FALSE
66.7607009645356,FALSE
69.25044560657,FALSE
66.3793738943363,FALSE
67.129755247666,FALSE
66.9569237226898,FALSE
67.435524652803,FALSE
66.115359749806,FALSE
68.0688673449385,FALSE
68.309280587965,FALSE
66.7964941127257,FALSE
68.1370823710036,FALSE
67.914252956639,FALSE
67.8364688224366,FALSE
66.8090812409554,FALSE
66.9401749954277,FALSE
68.0046854248299,FALSE
66.9398028787989,FALSE
67.9299748071654,FALSE
66.8347812675635,FALSE
69.1365117887729,FALSE
67.8567209782428,FALSE
68.6181413252298,FALSE
65.919144620528,FALSE
66.5944968691109,FALSE
65.7404509184774,FALSE
67.4439115436869,FALSE
68.3446365473583,FALSE
67.1597876782291,FALSE
66.6986360121927,FALSE
67.7517435067902,FALSE
66.8168856800826,FALSE
67.1244014027642,FALSE
68.6974144792498,FALSE
65.0681244830184,FALSE
67.0534175037011,FALSE
66.8630456562836,FALSE
67.532921053472,FALSE
65.9643398285542,FALSE
65.5828652071386,FALSE
66.9918766663279,FALSE
67.6741639831946,FALSE
68.5644830145562,FALSE
66.218781623406,FALSE
67.400786121853,FALSE
65.9781243040172,FALSE
66.2246095393845,FALSE
66.6025808779512,FALSE
67.2117557542454,FALSE
66.8260709188339,FALSE
67.057297330374,FALSE
66.2602773707705,FALSE
67.3084580976308,FALSE
68.9246906986344,FALSE
68.8502343227865,FALSE
67.5357880070296,FALSE
67.6439484200241,FALSE
67.3906887095553,FALSE
66.6116687392942,FALSE
66.6768779785484,FALSE
66.1383033510388,FALSE
69.0852236961452,FALSE
65.7912900206147,FALSE
66.0888005310724,FALSE
65.5297810966032,FALSE
66.2817255775365,FALSE
67.0506627617645,FALSE
66.9146785426202,FALSE
68.5473897194577,FALSE
67.1351049314898,FALSE
65.6047858765546,FALSE
67.5901276853434,FALSE
64.5951083618188,FALSE
66.336464966983,FALSE
66.0733837508962,FALSE
67.8078446058104,FALSE
68.3067182663934,FALSE
65.8419251623809,FALSE
65.3740824290207,FALSE
66.5079598371317,FALSE
66.3354857939,FALSE
66.6193481003682,FALSE
67.957620553487,FALSE
66.3343860799528,FALSE
67.9687541252013,FALSE
67.2119665395015,FALSE
65.3619406068599,FALSE
67.7332581646964,FALSE
66.2597922809707,FALSE
68.5724370138928,FALSE
68.4345290509968,FALSE
64.8600502962247,FALSE
66.7399926259031,FALSE
67.8890666773138,FALSE
66.9999530518425,FALSE
66.8845279104383,FALSE
66.6875564573063,FALSE
64.969920146063,FALSE
65.2542930586142,FALSE
67.7333105580854,FALSE
65.7412742968252,FALSE
68.4726052760729,FALSE
67.3848752672558,FALSE
66.9204470551728,FALSE
66.6078397282349,FALSE
68.0179007639811,FALSE
66.9636840114859,FALSE
66.9641068651628,FALSE
66.7623287934388,FALSE
66.4280740815969,FALSE
65.1812345858894,FALSE
66.9067463157637,FALSE
67.2771792896691,FALSE
66.0256516624237,FALSE
66.2849754919204,FALSE
66.8711149882708,FALSE
68.4849128064566,FALSE
65.3521060569804,FALSE
65.2380135813577,FALSE
69.0106255037133,FALSE
67.8686830242984,FALSE
67.1114683754043,FALSE
67.0513046425249,FALSE
65.9122263835586,FALSE
67.2876881721307,FALSE
67.0209982356412,FALSE
68.0446733085969,FALSE
66.7136681791702,FALSE
66.6121967500193,FALSE
67.9024209417478,FALSE
68.0370830742862,FALSE
67.335990764422,FALSE
68.3198782876129,FALSE
67.3688429387532,FALSE
67.1305911445554,FALSE
67.6161374010735,FALSE
67.6663874782798,FALSE
67.3112518388788,FALSE
64.7621098629426,FALSE
65.5403057417669,FALSE
65.9972282185709,FALSE
66.7839370975117,FALSE
67.7632483763695,FALSE
66.0681071954568,FALSE
67.0115756470642,FALSE
67.478586665748,FALSE
67.7618781525129,FALSE
66.0342323627559,FALSE
66.8536411667995,FALSE
67.86995139991,FALSE
67.3034185479658,FALSE
66.7129554441835,FALSE
66.3917037990772,FALSE
68.0919432210397,FALSE
67.0507721756325,FALSE
65.1867142674065,FALSE
67.8771536243695,FALSE
66.2247459383113,FALSE
65.9898937219371,FALSE
65.6833328739669,FALSE
67.1524802284817,FALSE
67.0680161335087,FALSE
67.0451816276405,FALSE
66.2086081789725,FALSE
68.1155475366817,FALSE
67.6424789009135,FALSE
67.3608139362505,FALSE
67.3181207715298,FALSE
67.7297822881908,FALSE
68.1879699357138,FALSE
67.2512890079061,FALSE
64.4240345842969,FALSE
66.884837383655,FALSE
66.3570437447035,FALSE
66.1524846217744,FALSE
66.3335060974863,FALSE
66.8611316968387,FALSE
67.6228955733145,FALSE
66.0947244672012,FALSE
68.1388703908251,FALSE
68.0030659008615,FALSE
66.5959330485112,FALSE
65.9150596850765,FALSE
67.7292364065061,FALSE
67.2205044638319,FALSE
65.1844502839125,FALSE
66.8860404368852,FALSE
63.4728118480554,FALSE
65.3515030423224,FALSE
66.0054503684924,FALSE
67.4645160178101,FALSE
66.1662730441672,FALSE
65.3605933274203,FALSE
67.3790540070689,FALSE
66.2039187103132,FALSE
66.4520758402355,FALSE
65.5226831430491,FALSE
66.7122389481118,FALSE
67.0070192811943,FALSE
66.3109451003245,FALSE
67.6727177433349,FALSE
65.2250965097402,FALSE
67.1457795311963,FALSE
65.8373369041134,FALSE
66.1296415954887,FALSE
66.7817012373113,FALSE
66.4443854137559,FALSE
68.9763010406692,FALSE
65.8806975750088,FALSE
67.1764839007908,FALSE
65.6033654733182,FALSE
68.360083896808,FALSE
67.5897531178587,FALSE
65.0969815244002,FALSE
68.2936967262784,FALSE
65.1814633963898,FALSE
67.6966726075861,FALSE
68.6475515955359,FALSE
67.1121957351198,FALSE
68.4440519296094,FALSE
66.8109001445997,FALSE
67.206080198703,FALSE
65.7184648614733,FALSE
68.0981081968659,FALSE
66.9860745727904,FALSE
66.1761575487698,FALSE
65.2295310567041,FALSE
65.3093015121426,FALSE
66.5628771241974,FALSE
67.7324676303892,FALSE
66.2527013582031,FALSE
68.5102372810324,FALSE
67.7236385519102,FALSE
68.1137418459758,FALSE
67.3693112916333,FALSE
65.6797788077644,FALSE
67.3761377088402,FALSE
67.4000535619708,FALSE
66.3715419050589,FALSE
65.6616322887331,FALSE
66.5034788403257,FALSE
65.8710333971948,FALSE
67.5007854399624,FALSE
64.9691068768106,FALSE
68.2481292711037,FALSE
67.4428051238188,FALSE
66.5644666938256,FALSE
66.7640881490944,FALSE
68.44665970972,FALSE
65.8725411592558,FALSE
67.4408493749167,FALSE
66.8765593038962,FALSE
66.2825699012105,FALSE
68.8803623501929,FALSE
67.3838369230972,FALSE
67.3135760335602,FALSE
68.4175039631172,FALSE
65.718878656435,FALSE
66.1997418630101,FALSE
67.6309253413686,FALSE
67.2471472079071,FALSE
66.2701410508891,FALSE
66.4370710018161,FALSE
67.3909632010523,FALSE
65.6555074383895,FALSE
65.9328863074805,FALSE
65.8717894510305,FALSE
67.4258659483633,FALSE
67.6872971599077,FALSE
68.1163651839683,FALSE
67.032406387541,FALSE
67.1803118029679,FALSE
65.1620100622815,FALSE
67.9419533753218,FALSE
68.1248102739165,FALSE
66.6994830047415,FALSE
66.996351111131,FALSE
67.3709738330255,FALSE
66.2674612244355,FALSE
65.602893721052,FALSE
67.0643546434406,FALSE
67.3962632893846,FALSE
66.390189343491,FALSE
67.4066957118488,FALSE
66.5442500315671,FALSE
66.3501618352715,FALSE
67.0162233556245,FALSE
66.8305935910745,FALSE
66.0907474061258,FALSE
68.3600031332803,FALSE
65.3351345943331,FALSE
67.9107369076526,FALSE
68.6847824071509,FALSE
66.9145496652146,FALSE
67.4034651806345,FALSE
65.9469716732684,FALSE
69.2591345279631,FALSE
67.2745212639287,FALSE
65.5911944413705,FALSE
65.7651937329498,FALSE
66.8799418856772,FALSE
68.5615095693743,FALSE
66.554408008681,FALSE
66.1322659483704,FALSE
67.1486715062912,FALSE
66.9712123131106,FALSE
64.8595403757921,FALSE
67.1123969245251,FALSE
66.9872055989554,FALSE
67.0470267551248,FALSE
66.8363882711164,FALSE
65.8809625605797,FALSE
67.2888443855549,FALSE
67.9281801677379,FALSE
64.5760481712773,FALSE
68.5578779503396,FALSE
66.4538556913514,FALSE
65.5397973852174,FALSE
66.1009193942832,FALSE
67.0630445578513,FALSE
65.4718438103747,FALSE
67.2055542165515,FALSE
67.5758395268799,FALSE
68.1781919692365,FALSE
66.2215105925331,FALSE
66.0424299811403,FALSE
68.0815602882511,FALSE
65.3815024533538,FALSE
67.174235308572,FALSE
66.9049140383398,FALSE
68.9908407923431,FALSE
67.3648151047423,FALSE
65.8601419579363,FALSE
65.8500728784286,FALSE
65.0566769448051,FALSE
67.149009212049,FALSE
68.0647530914038,FALSE
67.4098703693291,FALSE
66.5999858104357,FALSE
65.8502992861394,FALSE
66.0589999501196,FALSE
67.1329992665261,FALSE
66.5079781085543,FALSE
67.1117492601533,FALSE
66.9400885888555,FALSE
66.0204080244966,FALSE
67.4825912746807,FALSE
66.6404852464513,FALSE
67.9955770640295,FALSE
66.9063052217119,FALSE
66.1097274938963,FALSE
66.5646114804958,FALSE
65.7538430242837,FALSE
68.0898608288793,FALSE
66.5125558882395,FALSE
67.54,FALSE
69.3957142857143,FALSE
71.2514285714286,FALSE
73.1071428571429,FALSE
74.9628571428571,FALSE
76.8185714285714,FALSE
78.6742857142857,FALSE
80.53,FALSE
82.3857142857143,FALSE
84.2414285714286,FALSE
86.0971428571429,FALSE
87.9528571428571,FALSE
89.8085714285714,FALSE
91.6642857142857,TRUE
93.52,TRUE
93.49,TRUE
91.55,TRUE
89.61,FALSE
87.67,FALSE
85.73,FALSE
83.79,FALSE
81.85,FALSE
79.91,FALSE
77.97,FALSE
76.03,FALSE
74.09,FALSE
72.15,FALSE
70.21,FALSE
68.27,FALSE
66.33,FALSE
67.6866396042221,FALSE
66.9315208952625,FALSE
66.5309460480005,FALSE
67.4492977889393,FALSE
67.0374058920961,FALSE
68.2075542606437,FALSE
67.2961468549297,FALSE
67.4120779056558,FALSE
67.562098791904,FALSE
67.5236366243815,FALSE
66.9117259373741,FALSE
65.8001856173118,FALSE
67.6185944721048,FALSE
66.0354828119248,FALSE
67.8510994002511,FALSE
65.9458245009513,FALSE
66.482457633644,FALSE
66.687845804959,FALSE
65.4299554243789,FALSE
69.0073630406631,FALSE
66.3429814602559,FALSE
65.278460762618,FALSE
67.3921658951276,FALSE
68.6859834374035,FALSE
67.1726344802972,FALSE
65.0399465895203,FALSE
67.415674900374,FALSE
66.1285462710015,FALSE
67.8115583576403,FALSE
65.966399473871,FALSE
66.380248633667,FALSE
65.73516718193,FALSE
66.612051288825,FALSE
65.8771537862256,FALSE
67.8806802376335,FALSE
68.9065368165667,FALSE
67.2442495037892,FALSE
65.8646274961299,FALSE
68.4046547813472,FALSE
66.7740807963504,FALSE
67.1305281135171,FALSE
65.8201734824673,FALSE
66.171294430465,FALSE
65.844515885564,FALSE
68.1039103852772,FALSE
65.5843335729528,FALSE
68.3296999601792,FALSE
66.6970987382569,FALSE
66.8683919870267,FALSE
65.2964580840287,FALSE
68.3852224071734,FALSE
69.339103880546,FALSE
67.8373572925944,FALSE
65.2149854877864,FALSE
67.7459048102781,FALSE
64.9321612251935,FALSE
67.2407248259034,FALSE
67.1509398301161,FALSE
69.0494322605566,FALSE
67.6024189959961,FALSE
66.7711458095313,FALSE
67.6126973277148,FALSE
66.8687482582605,FALSE
67.466576693391,FALSE
67.57798893167,FALSE
66.6833893906094,FALSE
67.5354361081417,FALSE
66.7802153605957,FALSE
68.0947508836094,FALSE
67.7071895535945,FALSE
66.0543485263223,FALSE
68.2953759018582,FALSE
67.2591651177582,FALSE
67.5060115781934,FALSE
66.5901692303002,FALSE
67.4353846804522,FALSE
66.8365881945157,FALSE
67.3645467368278,FALSE
68.5251245156867,FALSE
67.4550405676166,FALSE
65.4316214884325,FALSE
65.4713392366638,FALSE
65.8496933616211,FALSE
65.7981656500345,FALSE
67.9932333241189,FALSE
66.7763893998176,FALSE
66.7135481271126,FALSE
67.8840154027435,FALSE
67.5370022135702,FALSE
67.7846147255211,FALSE
65.8554365625662,FALSE
67.6577702857684,FALSE
66.6343234760179,FALSE
66.4294720402237,FALSE
66.6727196200453,FALSE
65.3822402844006,FALSE
67.865719374403,FALSE
66.5055263253084,FALSE
64.7190445534656,FALSE
66.2894416070294,FALSE
64.4724176238277,FALSE
64.6212923810838,FALSE
66.1657332502376,FALSE
67.1862209709107,FALSE
68.2123784154152,FALSE
66.8690392266156,FALSE
67.9029143692791,FALSE
68.1376027173764,FALSE
66.5324865158986,FALSE
67.5960912350202,FALSE
67.6574747962828,FALSE
67.4064355202835,FALSE
68.4791265524305,FALSE
67.837998805322,FALSE
67.8305483565094,FALSE
67.83370524198,FALSE
66.8652906803126,FALSE
68.7630336652827,FALSE
66.477442760726,FALSE
68.4586359604496,FALSE
68.7008066041013,FALSE
67.1893671075493,FALSE
67.3463855118396,FALSE
66.2965739352752,FALSE
66.2556437310135,FALSE
67.1585469054911,FALSE
66.8979640785177,FALSE
65.2932163230677,FALSE
68.5135014205085,FALSE
66.4426015962904,FALSE
67.5517036639251,FALSE
68.1544841962065,FALSE
67.1920389199088,FALSE
65.4855215166474,FALSE
65.671107091826,FALSE
67.416108769171,FALSE
67.6361210667965,FALSE
66.3225135034673,FALSE
66.6782340463714,FALSE
66.6065006632845,FALSE
65.3093115694189,FALSE
66.9678305244631,FALSE
65.5617218378291,FALSE
66.4529006679313,FALSE
66.4027510996636,FALSE
65.8634371205502,FALSE
68.0691635803782,FALSE
66.1392756812189,FALSE
66.6985264198562,FALSE
67.5172247858512,FALSE
67.544452860158,FALSE
65.8109316357741,FALSE
67.4125467850387,FALSE
65.4803493093537,FALSE
66.2454202243122,FALSE
66.9174957180019,FALSE
66.9026822354227,FALSE
67.2328671462484,FALSE
66.1771071086805,FALSE
66.1043130100688,FALSE
67.2701724656023,FALSE
67.3138652761692,FALSE
66.9253550969586,FALSE
67.386892413996,FALSE
68.1871892396348,FALSE
67.5670514092412,FALSE
66.7076615414687,FALSE
68.4670224778976,FALSE
68.8260181863631,FALSE
65.7750936129048,FALSE
70.2221342531898,FALSE
65.7180130536298,FALSE
66.2308441378284,FALSE
69.0029782289896,FALSE
67.9587878139971,FALSE
67.2171809097125,FALSE
66.0913498700289,FALSE
65.8173832644488,FALSE
67.8713705074831,FALSE
66.8051993470125,FALSE
67.3391615406753,FALSE
67.4288390975902,FALSE
66.4611132979707,FALSE
65.516756854251,FALSE
65.0525438626345,FALSE
68.4122421099645,FALSE
66.7042182916526,FALSE
69.098924313008,FALSE
67.1370094034767,FALSE
66.3202010614487,FALSE
67.9347282952813,FALSE
66.6997056387551,FALSE
67.4720448140865,FALSE
65.102923378191,FALSE
67.0536081866053,FALSE
66.1199911699917,FALSE
66.3166341225425,FALSE
67.0214630338336,FALSE
68.5161221689238,FALSE
66.1890484308878,FALSE
65.4608838405045,FALSE
67.7879318734252,FALSE
68.6200829257535,FALSE
67.4916644559558,FALSE
65.2884642137989,FALSE
66.0739732667054,FALSE
65.6318652092865,FALSE
67.234701913468,FALSE
68.1352008361128,FALSE
67.8473582171518,FALSE
67.9163824285692,FALSE
69.7361647697989,FALSE
65.7309222327016,FALSE
68.2795462556794,FALSE
67.0835260095691,FALSE
66.8907829760988,FALSE
67.3106137253814,FALSE
65.3895367423717,FALSE
67.8000875488139,FALSE
67.0118845189155,FALSE
68.6973936695066,FALSE
64.8616446603003,FALSE
67.2508170425345,FALSE
66.5535015608499,FALSE
66.4880201990445,FALSE
64.8985994030964,FALSE
67.6618323284727,FALSE
67.1231871034432,FALSE
68.03660703188,FALSE
68.4509199939253,FALSE
67.0782466291878,FALSE
66.1226342283464,FALSE
67.2361254716636,FALSE
65.4004453981204,FALSE
67.9855778158049,FALSE
67.268502499572,FALSE
64.8804033153783,FALSE
65.2923670404217,FALSE
65.7573903463342,FALSE
65.2893156285227,FALSE
66.5186794167549,FALSE
66.0013042078725,FALSE
67.3969531976865,FALSE
66.5620405458551,FALSE
67.9423930973419,FALSE
68.2075250709436,FALSE
66.6681806871501,FALSE
66.8249910050671,FALSE
66.4658661659866,FALSE
65.6315855795329,FALSE
67.3321509061654,FALSE
66.0459065966336,FALSE
66.1337376083912,FALSE
67.0902037948844,FALSE
66.5837848525639,FALSE
65.5311883323893,FALSE
68.4855758084485,FALSE
67.9754166765234,FALSE
68.9614957105279,FALSE
67.4159644233322,FALSE
67.582125561669,FALSE
68.1704998544595,FALSE
66.8354477447231,FALSE
67.9343453998504,FALSE
66.8238284056903,FALSE
66.8188698864996,FALSE
66.805817149108,FALSE
66.9463787458087,FALSE
65.1910387687526,FALSE
66.6886182737972,FALSE
66.8067510580508,FALSE
65.3232350769382,FALSE
67.0439758144974,FALSE
67.5063282803115,FALSE
68.0461512117624,FALSE
67.3077906662215,FALSE
66.6602934029745,FALSE
65.9820492694054,FALSE
67.8265613803062,FALSE
69.0843142207727,FALSE
68.4774422840939,FALSE
67.463513722197,FALSE
69.4625252780449,FALSE
67.8572508854247,FALSE
68.1561676250849,FALSE
68.5779842455206,FALSE
67.0184765014191,FALSE
66.7056644209461,FALSE
68.4882257804123,FALSE
67.3315873020121,FALSE
67.8497741157244,FALSE
67.6596056815597,FALSE
66.1271391877963,FALSE
67.4288513113771,FALSE
66.1232692733256,FALSE
65.289792306462,FALSE
67.1777723137548,FALSE
67.9401437513075,FALSE
67.3799606533802,FALSE
66.5954020077492,FALSE
65.0222107792327,FALSE
65.9002770961003,FALSE
67.5465487700613,FALSE
66.2097348654022,FALSE
67.2857857026504,FALSE
68.7964354620484,FALSE
68.3476575593013,FALSE
66.8326176529421,FALSE
68.1662631943104,FALSE
67.2910316567508,FALSE
67.6658383222314,FALSE
66.8185575641628,FALSE
65.3871299804316,FALSE
67.1503740574527,FALSE
66.8627369642183,FALSE
64.8297884211834,FALSE
66.1870391662691,FALSE
67.0632930833222,FALSE
68.1887404645947,FALSE
66.5865897107883,FALSE
65.0316549040768,FALSE
67.2010989918741,FALSE
67.3371388071966,FALSE
67.4166242656937,FALSE
65.1531383127138,FALSE
66.5717586460452,FALSE
66.7505438879839,FALSE
67.6990657474185,FALSE
66.6742860549357,FALSE
67.3945505147139,FALSE
66.719836873906,FALSE
66.274084919031,FALSE
67.3699031327919,FALSE
66.4592648186002,FALSE
66.8115012956166,FALSE
67.8697955226412,FALSE
67.2244141369603,FALSE
67.5694613660359,FALSE
67.2266683592614,FALSE
68.5788867154601,FALSE
68.6837766356232,FALSE
67.6232054756024,FALSE
66.2627648172459,FALSE
68.3806774121461,FALSE
68.536578785696,FALSE
66.5081207461586,FALSE
69.3449783040282,FALSE
66.5910118480149,FALSE
66.2903114152174,FALSE
67.5254088663372,FALSE
67.3444975431371,FALSE
66.3746160474934,FALSE
68.0731644064565,FALSE
68.489762206509,FALSE
64.9079020409817,FALSE
67.8389208283745,FALSE
67.840086976339,FALSE
65.7772693277723,FALSE
66.7252608131774,FALSE
67.6836523108566,FALSE
66.4837880530467,FALSE
65.7825589044702,FALSE
66.2480457392979,FALSE
67.5675399190664,FALSE
65.5446243966941,FALSE
67.121420519393,FALSE
65.9398570447884,FALSE
66.8484328336075,FALSE
67.1884616722724,FALSE
69.8804506392287,FALSE
66.368333653867,FALSE
66.2671571421473,FALSE
65.7677139820779,FALSE
67.7951946579962,FALSE
67.0980359797734,FALSE
66.4797230307736,FALSE
66.7832591443156,FALSE
66.4764695242628,FALSE
66.9197716754239,FALSE
67.1969644679356,FALSE
68.0103003979248,FALSE
65.5795236889366,FALSE
65.952621416351,FALSE
68.2468530725685,FALSE
68.6434080056772,FALSE
65.8666853019853,FALSE
65.3045763548251,FALSE
66.810257476043,FALSE
67.1158405559898,FALSE
66.5529267326594,FALSE
65.2302391530399,FALSE
65.7050479453633,FALSE
68.4715874514665,FALSE
65.0904853330474,FALSE
67.4089532056638,FALSE
68.1194310756111,FALSE
66.6932645708075,FALSE
67.9573507510424,FALSE
67.1065529664329,FALSE
65.0220892649805,FALSE
66.5802367909179,FALSE
66.900655158577,FALSE
66.1035389759102,FALSE
67.9340527204416,FALSE
67.1669182420483,FALSE
65.2581525032792,FALSE
65.3065540780999,FALSE
67.1563208522557,FALSE
67.7933505806181,FALSE
67.8335999707727,FALSE
69.5787802583367,FALSE
66.8190373559139,FALSE
68.8719871932332,FALSE
68.0771283863861,FALSE
67.6235133145832,FALSE
67.5671233812576,FALSE
66.2966685793921,FALSE
66.353996310428,FALSE
66.3364554531256,FALSE
65.9371303324371,FALSE
66.5713304954253,FALSE
66.4807722010695,FALSE
67.7431668647776,FALSE
65.4084627066772,FALSE
68.9629277971328,FALSE
67.2297952783015,FALSE
67.5067252777856,FALSE
67.8182592396271,FALSE
67.1987902732451,FALSE
67.4058171151461,FALSE
66.5989901205694,FALSE
68.4210287039871,FALSE
67.4544338122234,FALSE
65.4888500716003,FALSE
69.4043103155713,FALSE
66.4869585275468,FALSE
67.937876268381,FALSE
67.8407458110368,FALSE
67.5018588926445,FALSE
67.9199908129321,FALSE
67.6249441013397,FALSE
66.4867249434975,FALSE
68.1080615834658,FALSE
67.5724393216272,FALSE
66.2241777288959,FALSE
67.735952389876,FALSE
66.4114304733919,FALSE
65.4948517238107,FALSE
67.8566616365406,FALSE
67.2378844996749,FALSE
67.0917828886196,FALSE
66.8340587913303,FALSE
67.5988489514879,FALSE
68.4540752272878,FALSE
66.282804445487,FALSE
66.297052049571,FALSE
66.5283373917653,FALSE
67.8546557748321,FALSE
66.8841229154671,FALSE
66.9391464291078,FALSE
66.8059402731205,FALSE
66.021246595834,FALSE
66.9453646651321,FALSE
67.7582618475446,FALSE
67.1825549954448,FALSE
67.7439965886337,FALSE
69.7559464362871,FALSE
68.0843684091219,FALSE
65.2522134645468,FALSE
66.9035405018196,FALSE
67.6439995785603,FALSE
64.9136619111743,FALSE
67.2907691166622,FALSE
65.4770858754266,FALSE
66.9284874826572,FALSE
67.5477469596396,FALSE
68.1114845242073,FALSE
65.9715171946645,FALSE
67.1993044341596,FALSE
68.0556831325503,FALSE
66.4298614199161,FALSE
68.5111110188079,FALSE
67.6690709173871,FALSE
67.5137191106836,FALSE
66.9968650529065,FALSE
66.5588292439709,FALSE
67.0521411713514,FALSE
67.0578720259266,FALSE
66.2746433486894,FALSE
67.9614763126312,FALSE
66.5578076463879,FALSE
67.6110421004358,FALSE
66.8759281591166,FALSE
65.8203913010988,FALSE
68.0209519943118,FALSE
67.9145369388734,FALSE
68.31395528583,FALSE
68.3025492230999,FALSE
66.7067137437692,FALSE
67.7778321111324,FALSE
65.5676886260526,FALSE
66.9291285712899,FALSE
68.4432613213481,FALSE
67.9844810121519,FALSE
67.2078608464771,FALSE
67.1955679016362,FALSE
65.8595401223104,FALSE
67.633786577608,FALSE
67.9585199632321,FALSE
68.1810511662009,FALSE
64.608541126126,FALSE
66.8836251852859,FALSE
67.4419058041096,FALSE
68.039948645005,FALSE
66.7956220226974,FALSE
65.7880493223013,FALSE
65.6718956372655,FALSE
66.6705276487182,FALSE
67.7891090158209,FALSE
67.124689093429,FALSE
65.9903540181526,FALSE
66.6042607735348,FALSE
66.7278644657413,FALSE
64.8340633037117,FALSE
67.2480973505132,FALSE
66.4806225740408,FALSE
66.8842210486852,FALSE
64.8455122304143,FALSE
65.238795675215,FALSE
67.6531446235523,FALSE
67.5926625171946,FALSE
67.126070458407,FALSE
67.0227271983852,FALSE
67.8902338568822,FALSE
65.9947140980454,FALSE
67.2824182750638,FALSE
67.746261460688,FALSE
67.8921588966749,FALSE
67.6661052040712,FALSE
66.2678702850113,FALSE
67.4185465064697,FALSE
66.1712953218196,FALSE
67.2485604505239,FALSE
68.3392396184413,FALSE
68.2248119077965,FALSE
68.3933790319735,FALSE
66.6934109003806,FALSE
68.0422418980829,FALSE
65.7067202243643,FALSE
68.7889624882732,FALSE
66.9545502495739,FALSE
66.1204817665676,FALSE
66.7859872069695,FALSE
66.3991697038086,FALSE
66.7896701747514,FALSE
66.9855521026449,FALSE
65.9241990002029,FALSE
67.5047652537588,FALSE
68.459455912102,FALSE
67.2952224343574,FALSE
67.6297947536448,FALSE
68.6946849969395,FALSE
66.777305965683,FALSE
67.2359890799764,FALSE
67.9142837134252,FALSE
67.5234243025577,FALSE
67.3781433476088,FALSE
65.2033381317763,FALSE
68.8961684543707,FALSE
67.8248896841805,FALSE
64.8503557075727,FALSE
65.0794185917781,FALSE
69.3728062751194,FALSE
66.697669187763,FALSE
66.9041581516554,FALSE
67.5787717025965,FALSE
67.6690592017142,FALSE
65.7859046420388,FALSE
67.8839131510036,FALSE
66.1616242185344,FALSE
65.6567855747576,FALSE
66.0455158469821,FALSE
67.2505963549477,FALSE
66.400292203201,FALSE
66.8127722605655,FALSE
66.6619244499103,FALSE
68.7174418380012,FALSE
66.1830765073022,FALSE
68.326437459836,FALSE
69.0313184807592,FALSE
64.6893207689672,FALSE
66.3720871046269,FALSE
67.1400341991731,FALSE
67.5038333711672,FALSE
65.8950452251884,FALSE
66.5951618205754,FALSE
68.3719059891331,FALSE
65.893348643372,FALSE
67.0276088488684,FALSE
66.7849471303369,FALSE
67.1165348872441,FALSE
67.0316914159315,FALSE
67.3481929352752,FALSE
65.7529533739713,FALSE
66.2405210345113,FALSE
66.384400137719,FALSE
68.4423773063765,FALSE
67.4340125610055,FALSE
66.2406482909427,FALSE
67.996590958122,FALSE
67.6858057445876,FALSE
68.0942265543066,FALSE
67.0871752457716,FALSE
65.9824516626007,FALSE
66.4851992807631,FALSE
65.0747747661368,FALSE
66.5466506535113,FALSE
66.1914816666592,FALSE
66.9909520887265,FALSE
68.6141853610502,FALSE
68.9095890000327,FALSE
66.6428786781089,FALSE
65.9230252989662,FALSE
67.0271846537294,FALSE
66.2164162372585,FALSE
66.9749658005511,FALSE
66.7741733001639,FALSE
66.4134505240956,FALSE
66.094445700467,FALSE
68.2571652599152,FALSE
66.128739167454,FALSE
67.6123896923547,FALSE
67.6151857506849,FALSE
67.2229046602822,FALSE
66.392863212873,FALSE
67.6140136882322,FALSE
67.5062400342521,FALSE
67.8091063282743,FALSE
68.1302866147877,FALSE
65.9927536883405,FALSE
66.5556826041624,FALSE
67.0190286047107,FALSE
65.3233345441087,FALSE
66.0521285042633,FALSE
67.7400704601967,FALSE
67.6973516261864,FALSE
67.2713214748578,FALSE
67.163803994302,FALSE
66.5133381726458,FALSE
69.2441767594407,FALSE
65.8760018452289,FALSE
67.916113783886,FALSE
68.0671315097154,FALSE
67.0044172859659,FALSE
68.7804412876312,FALSE
66.4220331948576,FALSE
65.6399687386247,FALSE
67.779576502163,FALSE
65.7107815196713,FALSE
67.0876951599534,FALSE
66.6393907215271,FALSE
67.4109785492605,FALSE
67.1808341410092,FALSE
67.0111296585696,FALSE
67.514441825361,FALSE
66.2980866795571,FALSE
68.0955168750378,FALSE
68.3825575684357,FALSE
66.5996609548401,FALSE
67.2120678176585,FALSE
67.8360681784696,FALSE
67.824839269988,FALSE
67.5397017388954,FALSE
68.8657331881955,FALSE
68.1961094387464,FALSE
67.4270450272549,FALSE
65.74770458466,FALSE
66.821141584255,FALSE
64.9100842921369,FALSE
66.6396040086418,FALSE
66.7874011204884,FALSE
67.3492872317566,FALSE
65.2462268011256,FALSE
67.3246748722374,FALSE
67.0575201719909,FALSE
67.6539864138791,FALSE
66.446482159053,FALSE
67.0087653232334,FALSE
66.3866648876823,FALSE
67.8495520506113,FALSE
66.7338296632334,FALSE
66.8799984296805,FALSE
68.1237414235314,FALSE
66.3529844072815,FALSE
67.33468954027,FALSE
67.2883709405091,FALSE
66.4669853158154,FALSE
65.0480778367501,FALSE
68.1536471389251,FALSE
66.7554208297626,FALSE
65.8147869767401,FALSE
68.159788981174,FALSE
65.8481659808639,FALSE
66.438422419116,FALSE
65.497864126297,FALSE
67.2136899143808,FALSE
66.3670362363275,FALSE
66.8069026273407,FALSE
67.6052625929378,FALSE
65.0317511821654,FALSE
67.2552224572673,FALSE
66.3396724208664,FALSE
66.5085367439104,FALSE
67.8211694408942,FALSE
67.7162004209931,FALSE
67.8465430795716,FALSE
65.1993648809014,FALSE
67.0864644852246,FALSE
66.8579691990172,FALSE
65.6666968171782,FALSE
66.6867647024397,FALSE
67.3915748984871,FALSE
67.0530972168085,FALSE
66.7909283256941,FALSE
66.3574150713837,FALSE
66.3529957768826,FALSE
68.2361496911281,FALSE
66.3746153560529,FALSE
65.3711551339467,FALSE
68.357367812591,FALSE
67.3894678572433,FALSE
66.6532219351014,FALSE
67.9449956461489,FALSE
65.6261962135564,FALSE
66.40361754642,FALSE
65.7491478583595,FALSE
65.6392709136455,FALSE
66.4377629938605,FALSE
66.8725531766875,FALSE
68.3488135953224,FALSE
66.3113110279796,FALSE
67.34571962252,FALSE
66.2982015781105,FALSE
69.2433802988925,FALSE
66.3189279500014,FALSE
68.9168084909815,FALSE
69.0285611104922,FALSE
65.1615403285427,FALSE
66.5470561685909,FALSE
66.4922427628498,FALSE
67.1102283903771,FALSE
66.6974646845648,FALSE
67.086498848204,FALSE
68.0928257584393,FALSE
67.2171548820175,FALSE
64.8933758281485,FALSE
67.2638802592848,FALSE
67.7020198371599,FALSE
68.0914405119854,FALSE
67.5662926952822,FALSE
66.6857417030593,FALSE
66.3466941183649,FALSE
67.2824051197234,FALSE
66.3678820365129,FALSE
68.35961553057,FALSE
66.9553372675693,FALSE
67.8202725259336,FALSE
66.0823164256426,FALSE
67.9220936138547,FALSE
66.3836398340315,FALSE
69.6859018410014,FALSE
65.9059938487498,FALSE
66.3311395547682,FALSE
68.6140643581406,FALSE
68.4800495636307,FALSE
65.295959684687,FALSE
66.3478798126956,FALSE
66.6180123094569,FALSE
66.1500867141203,FALSE
65.6442184410902,FALSE
67.3303128759834,FALSE
66.1815942091572,FALSE
66.0752721149242,FALSE
67.4210065384627,FALSE
65.3101436828956,FALSE
66.8187390967577,FALSE
67.5559041220446,FALSE
66.1871716617926,FALSE
66.7341845896346,FALSE
65.6787212111759,FALSE
66.5667907634245,FALSE
65.3715854394413,FALSE
68.0756097208671,FALSE
66.2248221957521,FALSE
67.9326741256746,FALSE
68.7092735151757,FALSE
66.1535740819403,FALSE
67.1852383093797,FALSE
66.4264721651726,FALSE
66.4525359874744,FALSE
67.3444313855565,FALSE
67.190707613403,FALSE
64.8959409997941,FALSE
66.8408705594403,FALSE
66.2928432563344,FALSE
66.3839264656253,FALSE
67.0638769749632,FALSE
67.4523216876591,FALSE
67.1264823247438,FALSE
65.9045136897001,FALSE
66.709888791893,FALSE
67.9008221019122,FALSE
65.7653788447653,FALSE
66.6316453263201,FALSE
69.1501883363018,FALSE
67.3361185346473,FALSE
66.1152982005191,FALSE
68.0862705423502,FALSE
67.3616700216623,FALSE
68.1918559662946,FALSE
68.1320686184612,FALSE
66.9666066190232,FALSE
64.5953900968951,FALSE
68.3017772882705,FALSE
67.6351349416007,FALSE
67.4178983910318,FALSE
66.3735548917871,FALSE
68.1288156607089,FALSE
67.143219178742,FALSE
67.0900604277987,FALSE
66.8461581929642,FALSE
68.107444757229,FALSE
66.1918542490533,FALSE
66.7384376119533,FALSE
68.2777838973611,FALSE
68.1910057563519,FALSE
67.6637939861329,FALSE
67.5450350855212,FALSE
67.0821194456846,FALSE
66.6954002654916,FALSE
66.7688390122065,FALSE
67.5374188333155,FALSE
66.6099184095009,FALSE
67.4340184556692,FALSE
67.1006755586879,FALSE
67.2221467802584,FALSE
66.986733227711,FALSE
67.2474471349066,FALSE
66.6413054724548,FALSE
68.2011242748384,FALSE
66.5710708220156,FALSE
67.6685300043206,FALSE
67.2714859019546,FALSE
66.2386736055467,FALSE
68.4367730707455,FALSE
67.8436090069187,FALSE
66.2429892062738,FALSE
66.0649762037229,FALSE
66.8814512533852,FALSE
68.6055961719312,FALSE
67.2081776827307,FALSE
67.2341415714061,FALSE
68.691223529762,FALSE
65.6880557800913,FALSE
65.9069023545894,FALSE
67.2809293984482,FALSE
65.2991168889881,FALSE
66.9068193183055,FALSE
66.7314950218358,FALSE
66.0427487875799,FALSE
68.1870159562607,FALSE
66.3091208184827,FALSE
68.5661235630628,FALSE
67.1240587824938,FALSE
67.6895852014271,FALSE
66.6831105170783,FALSE
66.5023722193276,FALSE
69.0287839724988,FALSE
68.9312924022198,FALSE
67.7702376342347,FALSE
65.1842557761244,FALSE
65.5876812721085,FALSE
65.6392621546,FALSE
66.6692232721945,FALSE
66.9356564219343,FALSE
66.2700329442767,FALSE
67.4257660276259,FALSE
66.5453248585773,FALSE
69.524892438696,FALSE
65.3266650539077,FALSE
67.6351316058308,FALSE
63.9344714130017,FALSE
68.5972944627907,FALSE
67.737477631512,FALSE
66.3687517774582,FALSE
66.4695578996455,FALSE
65.963260316264,FALSE
66.8308872134201,FALSE
66.257158942055,FALSE
66.5911399053655,FALSE
66.67352686705,FALSE
67.8188147609473,FALSE
66.748560742275,FALSE
65.1796018917254,FALSE
67.9517719016782,FALSE
68.9786681236934,FALSE
66.6359014291389,FALSE
67.9381944279198,FALSE
65.0725093185351,FALSE
68.159115101686,FALSE
66.7593621727519,FALSE
65.9290572532161,FALSE
67.0888090026154,FALSE
65.8739986834632,FALSE
66.0945816378363,FALSE
65.3713133079576,FALSE
66.5583152763814,FALSE
68.5692495921681,FALSE
66.8788336603074,FALSE
68.1553081488871,FALSE
67.5888714080912,FALSE
68.0013178545254,FALSE
66.2857134459799,FALSE
68.8866902935152,FALSE
67.3968300617065,FALSE
66.4090630503342,FALSE
65.3454930375893,FALSE
67.4353577638725,FALSE
67.1086209577498,FALSE
66.9321734041491,FALSE
65.5481899473188,FALSE
68.2746930676318,FALSE
68.1129118452968,FALSE
66.0131208981357,FALSE
66.9349889141695,FALSE
68.0769630135438,FALSE
68.1745882096062,FALSE
65.4908866581447,FALSE
67.1283017196691,FALSE
68.6198627822354,FALSE
66.9962244683786,FALSE
64.8104609052184,FALSE
67.5036481168496,FALSE
65.3044001130529,FALSE
67.7846391542116,FALSE
68.3021906734885,FALSE
66.2441145173878,FALSE
65.7130913624239,FALSE
65.9562837637417,FALSE
66.7026877149525,FALSE
67.9216517931273,FALSE
65.8628043770477,FALSE
66.9351491042367,FALSE
67.9892672417015,FALSE
65.8997668948957,FALSE
67.9485218010347,FALSE
67.9693491878538,FALSE
67.082289357392,FALSE
67.8664451625095,FALSE
68.3722751090116,FALSE
69.2343996532013,FALSE
65.8831830551204,FALSE
66.320255933316,FALSE
65.4664928144989,FALSE
64.1073859072467,FALSE
66.6581301971023,FALSE
67.941843217986,FALSE
66.6521303616551,FALSE
66.4229380175593,FALSE
67.7215800788279,FALSE
67.2978428360457,FALSE
66.7473220155406,FALSE
67.9781415907116,FALSE
66.4196153920044,FALSE
66.4182917378255,FALSE
65.4289374868642,FALSE
66.3950584459875,FALSE
68.3319013149736,FALSE
65.9854094426213,FALSE
67.5031153156682,FALSE
65.1771002099539,FALSE
67.5401992544649,FALSE
66.4159811716621,FALSE
67.4456903836504,FALSE
68.1858165248507,FALSE
68.2413717691796,FALSE
66.9388836137095,FALSE
66.1581926406066,FALSE
65.3962277820741,FALSE
68.062742553381,FALSE
67.2365341966758,FALSE
65.4707070671756,FALSE
66.7449626324243,FALSE
67.658201740661,FALSE
66.714827506446,FALSE
67.8590989840512,FALSE
68.1439880532819,FALSE
66.2002344407035,FALSE
67.3928749493429,FALSE
66.9614420761993,FALSE
66.8791721790569,FALSE
67.323266818592,FALSE
66.7756220057114,FALSE
66.4964280229465,FALSE
65.6880152880014,FALSE
67.5197867934022,FALSE
67.4956351165352,FALSE
66.9624395156705,FALSE
67.8588837657656,FALSE
67.4154161611302,FALSE
67.7752958403306,FALSE
66.9479516517619,FALSE
67.8967021201018,FALSE
67.0741893118851,FALSE
67.0567727665261,FALSE
67.1820293742204,FALSE
67.8278324825993,FALSE
66.8603030995261,FALSE
67.3642788823468,FALSE
67.9059130924823,FALSE
66.0926452024199,FALSE
68.1434088616601,FALSE
65.9525181849617,FALSE
67.0035675433779,FALSE
66.2694609520585,FALSE
66.1229008523769,FALSE
66.0570700677327,FALSE
67.7661302790442,FALSE
64.2423698345569,FALSE
66.3066430339952,FALSE
68.5795724244003,FALSE
67.5000375848879,FALSE
67.3151850634664,FALSE
67.7065280409159,FALSE
68.4578607861955,FALSE
66.3305266157957,FALSE
65.85150431492,FALSE
66.3617613610207,FALSE
66.0008120463937,FALSE
65.6149966885124,FALSE
67.7151269716905,FALSE
67.2393707731685,FALSE
67.1164811819765,FALSE
65.9740950553231,FALSE
64.9155960091501,FALSE
65.187779117999,FALSE
66.6757457155757,FALSE
66.1035805997193,FALSE
67.7556421391838,FALSE
68.8048034021066,FALSE
65.4495223462929,FALSE
66.8993154191922,FALSE
67.4121953441877,FALSE
66.9552205219599,FALSE
67.9657261834826,FALSE
68.863604879597,FALSE
65.1669195865972,FALSE
67.4060251962756,FALSE
66.2932685619314,FALSE
68.9273923609286,FALSE
68.5651711151781,FALSE
66.6053272322055,FALSE
67.9314308442027,FALSE
65.9596125593659,FALSE
64.3450602394152,FALSE
67.3902921178685,FALSE
68.0485083584788,FALSE
68.1419214967476,FALSE
66.2951988187773,FALSE
68.6961301514571,FALSE
65.6379459001469,FALSE
66.750863304572,FALSE
66.8776789854339,FALSE
66.8655903571984,FALSE
65.7673806543574,FALSE
67.40872185928,FALSE
66.451843514405,FALSE
67.8125014411615,FALSE
67.2673567640836,FALSE
68.2525154238337,FALSE
66.8118047072167,FALSE
68.4145553268146,FALSE
66.2998595175821,FALSE
67.2640331078217,FALSE
66.9263405280713,FALSE
67.9538489829143,FALSE
66.3709688213037,FALSE
66.8734931413998,FALSE
67.9402107481915,FALSE
65.0853267572348,FALSE
66.8830258968213,FALSE
66.3747621005277,FALSE
66.9441151400576,FALSE
69.0218384718954,FALSE
67.3362576242351,FALSE
66.1188640647181,FALSE
67.3408285962515,FALSE
66.4104500286392,FALSE
67.2839715959254,FALSE
66.9761002532441,FALSE
68.6769527896755,FALSE
65.9344376277246,FALSE
67.191346770474,FALSE
67.7720299262767,FALSE
65.434805601569,FALSE
67.7295496425938,FALSE
66.9697671192096,FALSE
67.2133790876311,FALSE
65.8484188912907,FALSE
66.6581078283288,FALSE
65.4290555008918,FALSE
67.8478623299728,FALSE
67.533841668557,FALSE
65.1558840616675,FALSE
67.0579007304014,FALSE
65.5062991554733,FALSE
65.2307825521217,FALSE
66.6935975812737,FALSE
67.0795155979374,FALSE
67.0227687082396,FALSE
66.952783849151,FALSE
65.3327113625287,FALSE
68.8403310726387,FALSE
65.9918935896206,FALSE
67.0727753317317,FALSE
67.3585296359994,FALSE
65.8324582360127,FALSE
67.7230859309065,FALSE
65.7728081958796,FALSE
67.4920058498286,FALSE
68.533793776165,FALSE
65.2461155421022,FALSE
67.7069020366142,FALSE
67.3696492584317,FALSE
67.3851012505078,FALSE
67.5630007048846,FALSE
66.3055939448894,FALSE
66.7759933011983,FALSE
65.7188537164584,FALSE
67.9088428824302,FALSE
66.5711265040298,FALSE
66.9078782590852,FALSE
65.9079755870474,FALSE
66.719905693074,FALSE
67.9831308421863,FALSE
67.4451820304566,FALSE
65.8174511826858,FALSE
66.5250655405401,FALSE
68.118291946483,FALSE
66.572877507078,FALSE
68.274187071383,FALSE
68.4363831045068,FALSE
65.1089893708362,FALSE
68.1011057789859,FALSE
67.4150656752403,FALSE
68.0969309386705,FALSE
67.9154197751285,FALSE
68.3573059123113,FALSE
67.0109237997987,FALSE
66.4619552083172,FALSE
68.6497981576685,FALSE
66.5058087585406,FALSE
67.4874800755319,FALSE
68.3949003165662,FALSE
69.3248846486517,FALSE
66.3742452634753,FALSE
67.3952400231586,FALSE
65.0444062251198,FALSE
67.3690919005989,FALSE
67.4012783735083,FALSE
66.1931020178095,FALSE
67.3497155087743,FALSE
66.7998436168708,FALSE
66.1042914571968,FALSE
66.3752448825595,FALSE
66.6398615454408,FALSE
67.0178208071135,FALSE
66.4886952244157,FALSE
65.2982815654656,FALSE
68.1245159189116,FALSE
65.7569818105788,FALSE
65.0423816709699,FALSE
64.6243463898477,FALSE
65.7457979643158,FALSE
66.9814002736516,FALSE
67.6726376006052,FALSE
66.6917267700518,FALSE
66.6424718088645,FALSE
67.7190656470774,FALSE
66.5932110483822,FALSE
68.1919849601738,FALSE
65.743590661687,FALSE
66.9177256939468,FALSE
68.3297179005933,FALSE
66.2975878270684,FALSE
67.0212485972363,FALSE
68.7606192065784,FALSE
67.7550656558631,FALSE
66.8516096093133,FALSE
67.449782401161,FALSE
67.7219766077797,FALSE
68.0901102449527,FALSE
65.6074282358511,FALSE
67.0066482297514,FALSE
66.2514542736872,FALSE
66.2405815623998,FALSE
65.365709233663,FALSE
67.9370521948702,FALSE
65.5000841928981,FALSE
65.8321717304165,FALSE
65.4652469061094,FALSE
66.0958347478253,FALSE
66.7318669753062,FALSE
65.5211981349329,FALSE
66.584870675088,FALSE
66.6245707761878,FALSE
66.3350021113811,FALSE
67.1070902798317,FALSE
65.1428116236224,FALSE
67.3684152285131,FALSE
65.8598073321746,FALSE
67.3238824162413,FALSE
67.4526929202768,FALSE
66.4710435521441,FALSE
67.2711642270599,FALSE
66.6039131876672,FALSE
66.1132042158077,FALSE
66.9196879175624,FALSE
66.6378847980181,FALSE
66.6423377404938,FALSE
67.1788306840924,FALSE
68.804781943245,FALSE
66.2909206659092,FALSE
65.0291784802903,FALSE
65.7305521639697,FALSE
65.5874161508835,FALSE
67.191536562228,FALSE
68.8375160857166,FALSE
66.1266082594358,FALSE
67.3202050366093,FALSE
67.3563706070618,FALSE
68.0123349994624,FALSE
67.7718480158483,FALSE
65.9033208445316,FALSE
67.0273599185859,FALSE
67.1244414240304,FALSE
66.7874281898127,FALSE
66.204662963956,FALSE
67.8148194922002,FALSE
67.5648329568566,FALSE
66.2871312194969,FALSE
66.3769417755373,FALSE
65.9785241280515,FALSE
67.4743566051361,FALSE
66.8251225928536,FALSE
67.3839470727826,FALSE
67.1062617767475,FALSE
69.0524811822463,FALSE
65.4139572210592,FALSE
66.0505029126384,FALSE
66.0475464131085,FALSE
66.8976097688533,FALSE
65.9748262953615,FALSE
68.0502826958695,FALSE
67.4511631616157,FALSE
68.3142286796992,FALSE
66.1181191859856,FALSE
65.2874983121609,FALSE
68.1290485301849,FALSE
66.757091337924,FALSE
67.3672702512078,FALSE
66.5898258722511,FALSE
65.56090761178,FALSE
66.4087099133642,FALSE
64.5095137920736,FALSE
66.1702252905021,FALSE
66.5445097390105,FALSE
68.7501671153635,FALSE
66.7655361243489,FALSE
65.7006168010807,FALSE
66.0301548532435,FALSE
68.7435315491731,FALSE
67.280628386574,FALSE
67.5914402702965,FALSE
66.6763593900937,FALSE
67.6534516937258,FALSE
67.3078103402885,FALSE
66.2109188675775,FALSE
66.6453188982258,FALSE
67.8646889467836,FALSE
67.8917979110389,FALSE
66.75193424891,FALSE
66.2945386181904,FALSE
67.8143652790341,FALSE
67.1670904818456,FALSE
67.373408476225,FALSE
67.0188004542016,FALSE
68.0458937571577,FALSE
67.6559318900036,FALSE
67.9263784379524,FALSE
68.5140809427884,FALSE
67.057719817979,FALSE
65.8640326717389,FALSE
68.0561169705594,FALSE
68.1968597483148,FALSE
65.8125290004704,FALSE
67.7979841255533,FALSE
65.7937008818967,FALSE
67.3733508216865,FALSE
66.693839762001,FALSE
68.4156151939557,FALSE
67.3294546797184,FALSE
67.7742415616374,FALSE
68.0121542088079,FALSE
64.8462537041448,FALSE
67.7127172393833,FALSE
66.2631960402758,FALSE
65.8298072476499,FALSE
67.387215335579,FALSE
67.1654828355424,FALSE
67.0818828415597,FALSE
67.698221951485,FALSE
67.4064780903993,FALSE
66.1313734231318,FALSE
66.992645579867,FALSE
67.6500798600163,FALSE
65.5538584973586,FALSE
67.0030290734414,FALSE
66.0763704911282,FALSE
67.7246027990256,FALSE
67.6640256358793,FALSE
66.3566095816496,FALSE
67.320125137649,FALSE
67.7114017205492,FALSE
67.7172261515627,FALSE
67.6598879273292,FALSE
66.5865793192818,FALSE
67.3948011357344,FALSE
66.427560507995,FALSE
66.1242130245167,FALSE
66.1576804701084,FALSE
65.57083416951,FALSE
67.2863638239746,FALSE
65.2881618066442,FALSE
66.1937604286332,FALSE
66.9962428669852,FALSE
65.6002361682013,FALSE
66.7463027326958,FALSE
67.2748361246401,FALSE
65.3132864824907,FALSE
66.6406680988984,FALSE
68.3873016885078,FALSE
65.9956191104814,FALSE
67.4332542084024,FALSE
66.7419160041183,FALSE
66.4822939207294,FALSE
66.3773819809475,FALSE
66.7353074677115,FALSE
66.3897964053616,FALSE
66.6624404790139,FALSE
67.0091418210197,FALSE
66.9635917383209,FALSE
66.0526844049969,FALSE
67.6318221499085,FALSE
66.0396637892286,FALSE
65.9628973055912,FALSE
65.5236123206312,FALSE
66.3707267200642,FALSE
68.083855605867,FALSE
67.2359088302666,FALSE
67.3893247314927,FALSE
68.7315603426392,FALSE
66.5382358112325,FALSE
66.9810481758961,FALSE
68.0481680260414,FALSE
66.4502038370204,FALSE
67.9319697709189,FALSE
65.2939687754084,FALSE
67.554426824504,FALSE
66.7327043930601,FALSE
66.7019417757782,FALSE
67.7077816010876,FALSE
67.6293519203422,FALSE
64.0025847573681,FALSE
68.6555545477758,FALSE
68.0653378281882,FALSE
65.7926991753819,FALSE
67.8183150686182,FALSE
65.6622422335423,FALSE
67.4349437088081,FALSE
68.4975526561358,FALSE
68.51594438462,FALSE
68.4874236326023,FALSE
65.5130850987455,FALSE
66.8275803059747,FALSE
66.5652196587522,FALSE
66.5383023127351,FALSE
67.7634769772584,FALSE
69.0826217174566,FALSE
67.8830630478374,FALSE
66.0673405664724,FALSE
67.6244785253796,FALSE
66.8606012550622,FALSE
67.4586032094776,FALSE
68.3270994040392,FALSE
67.8953816982914,FALSE
66.5205165042593,FALSE
66.12627693457,FALSE
65.4621220556578,FALSE
67.3879085825338,FALSE
67.2453103462583,FALSE
66.7868441399334,FALSE
67.4178902385622,FALSE
67.178565311775,FALSE
67.6777406644114,FALSE
69.0981492392244,FALSE
66.3338975598644,FALSE
68.2156335953967,FALSE
65.8907750308463,FALSE
66.2441022729594,FALSE
66.8700864897602,FALSE
65.9902502121225,FALSE
66.9568503795567,FALSE
68.14294160624,FALSE
67.0365838804225,FALSE
67.0625847784737,FALSE
65.478066617129,FALSE
66.4881424745793,FALSE
66.5863579803167,FALSE
65.0782302112469,FALSE
65.0258530015135,FALSE
66.0444344646453,FALSE
66.97517099462,FALSE
64.943743026934,FALSE
66.1308255382746,FALSE
66.751080984793,FALSE
66.5633930235477,FALSE
68.5233645226939,FALSE
66.2466174127305,FALSE
65.4747149100627,FALSE
68.41914419725,FALSE
66.9990520351032,FALSE
66.889853936291,FALSE
66.6432610538593,FALSE
66.3412457236766,FALSE
66.3608659859532,FALSE
68.0976219787775,FALSE
66.7576599401108,FALSE
68.3788785711493,FALSE
65.7424597395749,FALSE
66.9612449039302,FALSE
68.3315790397449,FALSE
66.7966021917738,FALSE
67.234104501283,FALSE
65.631143250894,FALSE
67.2686157319702,FALSE
67.6705049002494,FALSE
69.4220313551109,FALSE
69.1825777631663,FALSE
68.2503158512537,FALSE
67.572409212552,FALSE
68.0183045488148,FALSE
66.4084371690783,FALSE
67.5054007294694,FALSE
66.0248250872576,FALSE
67.7338776488725,FALSE
67.4104823153463,FALSE
69.094292122715,FALSE
69.0871291616563,FALSE
66.1762492012047,FALSE
67.1000389054556,FALSE
68.152850311976,FALSE
65.175656264648,FALSE
67.3229758433957,FALSE
66.6358955170619,FALSE
66.0450932736338,FALSE
67.8884444727378,FALSE
65.3419010636971,FALSE
68.1472122724765,FALSE
66.5422057227641,FALSE
66.8033362120822,FALSE
66.9292832068329,FALSE
66.5959735234673,FALSE
65.9694852927741,FALSE
66.0391665551522,FALSE
67.0772888631477,FALSE
67.505934247784,FALSE
67.0296275704225,FALSE
67.6329926053987,FALSE
66.614269742525,FALSE
68.3471194138954,FALSE
65.4412998529015,FALSE
66.5009072713349,FALSE
66.8529550435895,FALSE
67.7612278609768,FALSE
69.1707981656897,FALSE
65.0883116401884,FALSE
67.2021226516361,FALSE
65.2207707552852,FALSE
66.0344315766332,FALSE
66.4874175343619,FALSE
68.0866753029747,FALSE
66.6642977147187,FALSE
66.8711380216413,FALSE
68.8847785561699,FALSE
67.3571957379393,FALSE
66.4229681661356,FALSE
67.1959914393465,FALSE
66.6070094621965,FALSE
67.2710259223787,FALSE
66.8403354011288,FALSE
67.3693712403803,FALSE
66.2304622105998,FALSE
65.8519403142337,FALSE
66.5079589751135,FALSE
68.1430948684371,FALSE
66.9583775515833,FALSE
66.1459519734321,FALSE
66.8628118355059,FALSE
66.8871861000376,FALSE
65.9564703250254,FALSE
67.9393475322373,FALSE
68.9209149966174,FALSE
65.6745714541525,FALSE
67.2466199965693,FALSE
69.4996676085897,FALSE
66.0278760993076,FALSE
66.1489478107275,FALSE
65.9066004696814,FALSE
66.518787000147,FALSE
67.1952381482375,FALSE
65.0388385025755,FALSE
67.7915466102728,FALSE
67.776070565287,FALSE
67.6245696023574,FALSE
68.1755714915454,FALSE
67.6380455191851,FALSE
67.19235683671,FALSE
65.5386059477532,FALSE
64.5231421360802,FALSE
66.8824087336903,FALSE
67.0659126758348,FALSE
66.0201160853154,FALSE
68.2566929916653,FALSE
65.2550610567306,FALSE
65.8667363205112,FALSE
64.2512503101563,FALSE
65.198090393778,FALSE
67.8629992123944,FALSE
66.8054934881145,FALSE
67.4249936347284,FALSE
66.8051121180941,FALSE
67.4601286066095,FALSE
64.9747752253505,FALSE
66.260183978092,FALSE
64.7630425998359,FALSE
65.7834468844113,FALSE
66.2138302774196,FALSE
66.450805093731,FALSE
67.102354665482,FALSE
68.5956281573645,FALSE
66.3531861128066,FALSE
66.4972502018537,FALSE
66.3887272965828,FALSE
68.1724716366061,FALSE
65.7756615829624,FALSE
68.3913247988937,FALSE
66.8456384761498,FALSE
66.6918842044108,FALSE
66.9139150600773,FALSE
66.931911872841,FALSE
66.4767294561093,FALSE
66.4686569690181,FALSE
68.0722593545053,FALSE
66.2619043669453,FALSE
66.3023021578359,FALSE
68.5925016587039,FALSE
67.1343618188243,FALSE
68.0906852753519,FALSE
66.4675001453255,FALSE
68.7221566127563,FALSE
67.5139724497679,FALSE
67.2124272343593,FALSE
67.0145705153668,FALSE
67.2292307058933,FALSE
69.2038752580444,FALSE
66.1826572283351,FALSE
65.9802312734579,FALSE
67.5789412464794,FALSE
67.0612733305836,FALSE
66.5658320571227,FALSE
66.1203346816689,FALSE
67.4797187100753,FALSE
66.7777859333955,FALSE
68.5551777802973,FALSE
65.6534346428065,FALSE
64.2729610737563,FALSE
66.7418902401269,FALSE
68.0094867353915,FALSE
67.9315255404378,FALSE
66.7245826919293,FALSE
66.845477787824,FALSE
66.4151563464517,FALSE
67.4722184831994,FALSE
65.6800972107618,FALSE
66.810484106063,FALSE
66.8257952774403,FALSE
67.3327994744342,FALSE
67.374089754445,FALSE
68.299237329305,FALSE
67.2721048914682,FALSE
67.319668162124,FALSE
66.9030833746095,FALSE
67.1935063258358,FALSE
66.0662022662127,FALSE
66.4344305619056,FALSE
68.3204035377774,FALSE
65.7003526512745,FALSE
67.9288942387394,FALSE
67.29128295761,FALSE
67.5629204630295,FALSE
68.1021619281122,FALSE
68.0283930476042,FALSE
66.281224728364,FALSE
67.0116369631116,FALSE
67.7609504039716,FALSE
65.5828830428651,FALSE
65.5506182434714,FALSE
69.1538973066294,FALSE
66.465709299707,FALSE
66.5919855885169,FALSE
66.7589359390941,FALSE
67.6603480498674,FALSE
66.9063225865146,FALSE
68.0224705456358,FALSE
68.7041367562707,FALSE
67.2394388271718,FALSE
65.7470782789101,FALSE
69.2826724485647,FALSE
68.3974780182573,FALSE
69.1824534396635,FALSE
66.7678460065262,FALSE
67.2893750454129,FALSE
67.8156552061982,FALSE
66.818667875501,FALSE
66.1592958545748,FALSE
67.9838989076458,FALSE
64.5333688208321,FALSE
66.1245611427471,FALSE
65.6451968995391,FALSE
67.416890330915,FALSE
68.1412768613909,FALSE
67.5517585658878,FALSE
67.7210867294962,FALSE
67.3683186896413,FALSE
67.3393236954167,FALSE
66.2981319037404,FALSE
67.4449620910441,FALSE
67.1894396474857,FALSE
66.6872191007871,FALSE
65.9836584188419,FALSE
67.5002854021471,FALSE
65.6446420260651,FALSE
65.7242754483333,FALSE
66.6176902350927,FALSE
67.3622430261339,FALSE
68.1904895590743,FALSE
65.700483866284,FALSE
66.8942848959095,FALSE
66.4394266285713,FALSE
67.5172753507508,FALSE
66.9467356657807,FALSE
68.1164456413832,FALSE
67.4172165295144,FALSE
67.1989032134556,FALSE
65.1028129034032,FALSE
66.6048573296642,FALSE
68.100591381389,FALSE
66.4697051590742,FALSE
68.6328126323928,FALSE
68.312269953122,FALSE
68.932438867935,FALSE
66.5864639246743,FALSE
67.659174709053,FALSE
69.0160330379857,FALSE
67.4521477389994,FALSE
67.2455877298601,FALSE
66.8889901883166,FALSE
66.9839922449351,FALSE
67.2926979515893,FALSE
67.0199116850828,FALSE
67.5252172218348,FALSE
67.4526327900268,FALSE
66.225535002462,FALSE
67.0265080308247,FALSE
65.8390726974989,FALSE
65.7998296070863,FALSE
67.1652025111485,FALSE
66.1961084709304,FALSE
66.691725176382,FALSE
67.3524884283212,FALSE
66.7773114626488,FALSE
66.9042833399226,FALSE
67.4122895246963,FALSE
67.5093718380094,FALSE
66.852100537926,FALSE
67.1502262573732,FALSE
66.808515536068,FALSE
67.3990664859495,FALSE
67.7469507191156,FALSE
68.9460927186723,FALSE
68.3103616684679,FALSE
69.1534145575401,FALSE
65.99222914186,FALSE
68.042199291729,FALSE
65.6997875795322,FALSE
66.3666626900942,FALSE
66.523047996356,FALSE
65.981390105054,FALSE
66.2977834863635,FALSE
67.2966907672146,FALSE
68.0997761844887,FALSE
66.8480902988793,FALSE
67.7338308771222,FALSE
67.3584607636899,FALSE
65.5720061411226,FALSE
67.8395936897048,FALSE
66.9569181810781,FALSE
67.6440818122163,FALSE
67.6760235373547,FALSE
64.8264754657298,FALSE
67.8838816251716,FALSE
66.8145059455819,FALSE
69.8919979740185,FALSE
67.1861260438134,FALSE
67.1880191715276,FALSE
68.3466437891947,FALSE
67.021466892106,FALSE
68.4304223407659,FALSE
66.9957067763839,FALSE
67.9381194639871,FALSE
67.0916301832429,FALSE
67.0852411153338,FALSE
68.8507467456342,FALSE
66.7968246431561,FALSE
66.6046951587594,FALSE
67.7868770320903,FALSE
67.8521533708695,FALSE
65.2938042198814,FALSE
67.3852687553147,FALSE
67.7796032360145,FALSE
66.4252906321359,FALSE
67.1547279552915,FALSE
66.4615058545645,FALSE
65.6589753208827,FALSE
68.3055791488532,FALSE
66.4414254130048,FALSE
68.5478661802673,FALSE
67.9183950922588,FALSE
66.9264176709082,FALSE
66.8160908381586,FALSE
67.2658844307443,FALSE
66.6210002493641,FALSE
67.7217274805268,FALSE
67.6186937973134,FALSE
66.4145241354062,FALSE
65.9120830080803,FALSE
65.2486743414978,FALSE
67.3854697963237,FALSE
66.3654638008986,FALSE
66.8553792137218,FALSE
65.7369299949426,FALSE
66.8431064311582,FALSE
66.4044853011217,FALSE
66.9000821193695,FALSE
67.7470431458042,FALSE
67.1082124773374,FALSE
66.5128906263919,FALSE
66.3204548802785,FALSE
66.9257821176644,FALSE
67.0543852780616,FALSE
67.0643234477293,FALSE
67.1906510252351,FALSE
67.3972796174084,FALSE
65.6352109164868,FALSE
67.188121558572,FALSE
65.8856551961414,FALSE
65.3652194078439,FALSE
65.7263935701625,FALSE
64.4347787978058,FALSE
67.4247770904753,FALSE
67.2891768655678,FALSE
67.9804555589405,FALSE
66.7438010257893,FALSE
66.1038698267769,FALSE
65.781311216604,FALSE
66.1523403862316,FALSE
66.6953373736215,FALSE
64.6400430719665,FALSE
67.5454710424663,FALSE
68.5,FALSE
70.0728571428571,FALSE
71.6457142857143,FALSE
73.2185714285714,FALSE
74.7914285714286,FALSE
76.3642857142857,FALSE
77.9371428571429,FALSE
79.51,FALSE
81.0828571428571,FALSE
82.6557142857143,FALSE
84.2285714285714,FALSE
85.8014285714286,FALSE
87.3742857142857,FALSE
88.9471428571429,FALSE
90.52,TRUE
90.49,TRUE
89.0071428571429,FALSE
87.5242857142857,FALSE
86.0414285714286,FALSE
84.5585714285714,FALSE
83.0757142857143,FALSE
81.5928571428571,FALSE
80.11,FALSE
78.6271428571429,FALSE
77.1442857142857,FALSE
75.6614285714286,FALSE
74.1785714285714,FALSE
72.6957142857143,FALSE
71.2128571428571,FALSE
69.73,FALSE
67.7928061984471,FALSE
66.5834483421013,FALSE
66.3796352828722,FALSE
66.1053377724454,FALSE
66.7014434095411,FALSE
68.1331774340546,FALSE
66.0807669068064,FALSE
66.4245999117882,FALSE
66.5098915958079,FALSE
66.1113530451332,FALSE
66.0148082823305,FALSE
66.6128117741839,FALSE
67.587632855903,FALSE
68.5681085156273,FALSE
65.6278362910214,FALSE
66.8238082647387,FALSE
68.9161015840096,FALSE
66.7671589200287,FALSE
66.2428152315689,FALSE
64.2550352893658,FALSE
64.4308599826016,FALSE
66.1881074826398,FALSE
67.1870650328786,FALSE
66.9538985310439,FALSE
65.2323285308616,FALSE
67.3100865511352,FALSE
68.8700204172913,FALSE
68.2727995553189,FALSE
66.9129182717559,FALSE
66.5859762473855,FALSE
66.817651289789,FALSE
65.7824510484323,FALSE
68.305228558026,FALSE
66.4496018065257,FALSE
65.8647293158139,FALSE
67.3985517663027,FALSE
65.8783952333183,FALSE
68.4005012654956,FALSE
67.0366706298759,FALSE
67.0787464579576,FALSE
66.2408525790366,FALSE
68.1312093368326,FALSE
68.7284612463048,FALSE
67.2231723174408,FALSE
67.1971775747453,FALSE
68.9352302446182,FALSE
66.5769143318297,FALSE
67.0912457580402,FALSE
69.8974656912387,FALSE
67.4940827116612,FALSE
66.1342718161616,FALSE
66.8377522154267,FALSE
67.6278644698762,FALSE
65.5019559009953,FALSE
66.3877543190874,FALSE
68.3103238588417,FALSE
65.1343490881266,FALSE
66.8782260386373,FALSE
67.7147084999587,FALSE
66.3220916615307,FALSE
67.8870819040361,FALSE
66.1468432792855,FALSE
65.5459707813542,FALSE
67.4878046100315,FALSE
68.5153337398204,FALSE
67.1993837115506,FALSE
66.7930145324824,FALSE
64.0086767664879,FALSE
65.8673692439177,FALSE
67.2236048787503,FALSE
67.5563959580176,FALSE
67.3811929677376,FALSE
66.4553884878479,FALSE
66.9699236328614,FALSE
67.1119512072633,FALSE
67.5936792152134,FALSE
66.9224490106681,FALSE
66.4499599409907,FALSE
67.272265467465,FALSE
66.8706771138768,FALSE
64.723207147413,FALSE
65.7245115122646,FALSE
67.2317061673776,FALSE
65.0485004011341,FALSE
66.0806350927038,FALSE
67.1924268810465,FALSE
68.1981499160654,FALSE
68.5677305221885,FALSE
67.3428823835503,FALSE
68.3815821783495,FALSE
67.7731632429105,FALSE
64.6210622310925,FALSE
66.9130540849519,FALSE
66.8776580264497,FALSE
68.4180287712744,FALSE
68.0753372118875,FALSE
65.7293959093356,FALSE
67.5995296181372,FALSE
69.2383455229298,FALSE
66.5288891803899,FALSE
66.8412998262736,FALSE
67.3162936830292,FALSE
69.5119965479554,FALSE
64.9410756409532,FALSE
65.8342757760666,FALSE
66.1289819304461,FALSE
68.1253489891004,FALSE
67.118809102453,FALSE
67.4516918157207,FALSE
65.4989559968501,FALSE
68.1638886002911,FALSE
66.5932117018391,FALSE
67.7972243754978,FALSE
65.9449816961218,FALSE
67.2043188472201,FALSE
65.8680319901855,FALSE
66.8431283778892,FALSE
66.9908383499052,FALSE
67.9620229085116,FALSE
66.1539850541921,FALSE
66.8853382917859,FALSE
69.105998891494,FALSE
67.8372602071693,FALSE
66.2546608193055,FALSE
67.0654594778317,FALSE
66.4290715620743,FALSE
66.7365018926509,FALSE
66.6768241946334,FALSE
66.7351913298429,FALSE
66.0464096836843,FALSE
65.864928606605,FALSE
68.1944703597626,FALSE
66.9974798799329,FALSE
67.3201157497788,FALSE
65.8090532846951,FALSE
68.1025294857061,FALSE
67.2985714919003,FALSE
65.9371732686796,FALSE
67.0577328494947,FALSE
67.2613480720291,FALSE
66.7272055411728,FALSE
65.2396985819162,FALSE
66.7107592684093,FALSE
66.7664158915582,FALSE
68.5307517575443,FALSE
66.2609866963374,FALSE
67.7826383734199,FALSE
66.4711465986895,FALSE
67.4844301502606,FALSE
65.7372961645498,FALSE
67.543012489957,FALSE
69.8763593624201,FALSE
67.1866577781643,FALSE
66.794801210717,FALSE
66.3592773128314,FALSE
65.951374003961,FALSE
67.1893328687105,FALSE
67.6125448275215,FALSE
66.2245034246533,FALSE
67.0399444927403,FALSE
67.2251232108848,FALSE
67.5580270070964,FALSE
67.1835040265396,FALSE
66.9077722419862,FALSE
67.4357178551667,FALSE
67.3996504445525,FALSE
67.9158530917607,FALSE
65.8209107216835,FALSE
66.659910419292,FALSE
67.9899070446956,FALSE
66.9576109394708,FALSE
68.0584370247511,FALSE
66.4881049801735,FALSE
66.9685711611685,FALSE
68.0548800219121,FALSE
67.4179885161777,FALSE
65.7359984516687,FALSE
67.1641925557186,FALSE
66.83653308146,FALSE
67.2736059386813,FALSE
65.4664870302252,FALSE
67.9354490568175,FALSE
65.198587441363,FALSE
66.7525130508715,FALSE
66.5817206852056,FALSE
67.2047216352741,FALSE
65.6417300928634,FALSE
65.7275971822635,FALSE
67.892238956305,FALSE
68.119622481968,FALSE
65.3844584504259,FALSE
67.4822002019909,FALSE
67.1779343178677,FALSE
68.4186230416539,FALSE
66.2648489782448,FALSE
67.2762970157944,FALSE
67.1904806142623,FALSE
66.5567283056563,FALSE
66.0776729125745,FALSE
68.3944135907216,FALSE
65.7050157155104,FALSE
67.5998702500574,FALSE
67.0313677468264,FALSE
68.8187498607857,FALSE
66.7072569014248,FALSE
67.9539449005471,FALSE
67.5256713918889,FALSE
68.2008491205436,FALSE
66.3070418803273,FALSE
69.1722117911145,FALSE
67.0274656539527,FALSE
67.1824712036275,FALSE
67.1520081565512,FALSE
65.0848431913092,FALSE
67.5556235378296,FALSE
65.3487466189017,FALSE
67.1413644874678,FALSE
68.4315282286439,FALSE
66.986544032578,FALSE
65.8342162579313,FALSE
66.8771907349396,FALSE
67.52282694033,FALSE
66.2354261602605,FALSE
67.155037630578,FALSE
67.3167953708277,FALSE
67.3694030467947,FALSE
66.351675734497,FALSE
67.5713007183257,FALSE
67.2472737365131,FALSE
65.4844070560592,FALSE
69.2265151527271,FALSE
66.1339484899785,FALSE
67.5985494907486,FALSE
66.8262950440108,FALSE
67.0325864021253,FALSE
66.8982737810334,FALSE
68.4844913317807,FALSE
68.4493396104436,FALSE
66.4247143343686,FALSE
67.5891884657159,FALSE
67.4185814907467,FALSE
67.4925463298189,FALSE
68.0144310639957,FALSE
66.3757585737046,FALSE
67.2209359618582,FALSE
66.9089622999069,FALSE
65.7920437819355,FALSE
67.0137121158535,FALSE
66.5019895717461,FALSE
67.0460843971387,FALSE
67.3729058598591,FALSE
67.9191040976656,FALSE
66.7632415412363,FALSE
64.6606125384701,FALSE
64.9208430237269,FALSE
67.1913018084427,FALSE
67.2160934378247,FALSE
67.633761140787,FALSE
67.4215432260281,FALSE
65.7817872261168,FALSE
67.712395692342,FALSE
66.2487895845497,FALSE
68.182303431276,FALSE
66.1429033274694,FALSE
66.9430488741949,FALSE
68.129203979353,FALSE
66.7052866866679,FALSE
66.1766112355567,FALSE
67.8948622483849,FALSE
67.7076559531135,FALSE
65.5797315459488,FALSE
68.1612046438852,FALSE
67.0678569439961,FALSE
65.2457454049406,FALSE
66.3594505525822,FALSE
65.857059766408,FALSE
66.7895368436498,FALSE
67.4673647838882,FALSE
67.3413147832762,FALSE
67.2800276675634,FALSE
67.1845084105415,FALSE
68.2747883443726,FALSE
66.904141756278,FALSE
65.7746377647456,FALSE
68.3080329114076,FALSE
67.8227360298322,FALSE
66.4203998808152,FALSE
67.5179410300391,FALSE
65.8047153823515,FALSE
67.5119641345636,FALSE
67.1889159520145,FALSE
67.3592325709669,FALSE
67.8471194761358,FALSE
66.2047056336284,FALSE
64.9795291267888,FALSE
66.5707005098866,FALSE
67.1155440244607,FALSE
66.2204728759668,FALSE
68.0951999067817,FALSE
66.8524409062782,FALSE
67.9870677511126,FALSE
66.7755843281279,FALSE
65.7438467192668,FALSE
66.1356205192777,FALSE
67.4788150984431,FALSE
66.8717120566784,FALSE
67.3841630719231,FALSE
67.0034052237725,FALSE
66.9448834226509,FALSE
66.2812427259669,FALSE
65.9422465090361,FALSE
67.6053764779343,FALSE
65.5093479352374,FALSE
67.3710474876519,FALSE
65.1767923072314,FALSE
67.7324234625318,FALSE
65.9498385544948,FALSE
67.0234166156864,FALSE
66.7753498355243,FALSE
66.6446996724156,FALSE
66.9740074257617,FALSE
67.5850438982954,FALSE
67.3998403843258,FALSE
67.5379084306563,FALSE
65.061647178697,FALSE
66.9792391993466,FALSE
64.9411125832542,FALSE
67.8889540924921,FALSE
66.3252995914942,FALSE
66.3860202997289,FALSE
66.2506122426587,FALSE
67.8891834412608,FALSE
66.3431631787382,FALSE
66.7582700923643,FALSE
68.1565552482306,FALSE
66.645627819986,FALSE
67.8790678009583,FALSE
65.1667121012681,FALSE
65.3722539707146,FALSE
67.6711113898938,FALSE
65.4697329724107,FALSE
67.3777318855433,FALSE
67.2421823144977,FALSE
66.5666670567317,FALSE
67.866953025687,FALSE
65.8272956640255,FALSE
67.7408518462317,FALSE
67.2679777150993,FALSE
67.9674239472463,FALSE
65.588675661804,FALSE
65.8594732325798,FALSE
65.716653814741,FALSE
65.9472030041561,FALSE
68.490189636921,FALSE
68.022700051325,FALSE
69.3128363694831,FALSE
67.8764472240206,FALSE
67.2207407895694,FALSE
66.4601789421307,FALSE
68.2318829379946,FALSE
64.8979999431851,FALSE
66.5918940369614,FALSE
65.9729670714463,FALSE
66.486982893389,FALSE
68.608685758308,FALSE
67.6264678714285,FALSE
66.9410113621269,FALSE
67.8955435134949,FALSE
65.7094290170532,FALSE
67.103312789789,FALSE
69.201915789314,FALSE
64.9446736084992,FALSE
67.8073041303174,FALSE
68.4083793067064,FALSE
67.476130169373,FALSE
67.9555428641444,FALSE
68.4277444971312,FALSE
66.5238181832548,FALSE
68.4728745067625,FALSE
67.9346259216343,FALSE
67.3399946981137,FALSE
67.3345804558364,FALSE
67.0554752058333,FALSE
67.0502056529458,FALSE
66.4172333196431,FALSE
65.3484531036989,FALSE
66.6727857074663,FALSE
65.766139928041,FALSE
66.5050731035663,FALSE
66.6286324409645,FALSE
66.5324641493954,FALSE
69.2809634538248,FALSE
66.3312947643929,FALSE
66.8591372006736,FALSE
67.1668619921132,FALSE
67.6291780855148,FALSE
66.7139358320161,FALSE
67.6063387897466,FALSE
66.3917633197084,FALSE
67.155603493887,FALSE
67.6583518899565,FALSE
65.5353337715687,FALSE
67.3683139583444,FALSE
65.9533704854024,FALSE
67.5405552575198,FALSE
67.110673751691,FALSE
68.5884048542946,FALSE
68.8188904217987,FALSE
68.8141077576974,FALSE
66.7874187953788,FALSE
66.7467735884351,FALSE
67.2495321580618,FALSE
68.2734228974808,FALSE
66.1995328077715,FALSE
66.578154510514,FALSE
66.8847313453722,FALSE
64.3320449151835,FALSE
66.6179218782894,FALSE
66.5002461510194,FALSE
67.1528294363825,FALSE
66.9455524877451,FALSE
68.832383809138,FALSE
67.6469526436327,FALSE
65.9532970455472,FALSE
67.6773905052111,FALSE
67.5831273355495,FALSE
64.4030592419805,FALSE
65.7970236830788,FALSE
66.2969452620922,FALSE
65.466726957981,FALSE
66.0954293711505,FALSE
67.5061262068185,FALSE
66.7020047147541,FALSE
65.8008895122177,FALSE
67.0151341512775,FALSE
67.5298037300627,FALSE
66.3076565820596,FALSE
67.2321324627528,FALSE
66.7405207988274,FALSE
67.4603884331787,FALSE
64.9459454372939,FALSE
66.6361171174432,FALSE
67.8751343201218,FALSE
66.212034774499,FALSE
67.5051175021895,FALSE
66.2790573104198,FALSE
65.6364107417412,FALSE
66.0518675902259,FALSE
67.500236782132,FALSE
65.5434576367899,FALSE
67.7821923344915,FALSE
67.0722629770882,FALSE
67.4391620966419,FALSE
69.137481815496,FALSE
66.8501444606143,FALSE
66.963459221608,FALSE
65.9764900443907,FALSE
68.6410693789062,FALSE
65.8414006433806,FALSE
66.7872618420365,FALSE
66.7650999352432,FALSE
66.7325375744893,FALSE
68.3574479363142,FALSE
67.5664258300103,FALSE
68.2097562969461,FALSE
67.1591246827196,FALSE
67.0042523867376,FALSE
66.1365231248502,FALSE
68.2934522810939,FALSE
68.664939929731,FALSE
67.4904138333654,FALSE
64.6586748893616,FALSE
67.4711028109945,FALSE
67.5853374420115,FALSE
66.7305442042603,FALSE
66.9485494101831,FALSE
67.0010354568214,FALSE
66.8834773563021,FALSE
66.5950760714202,FALSE
66.572952547837,FALSE
68.1217206013162,FALSE
66.341581142792,FALSE
67.579398337101,FALSE
65.1516623144107,FALSE
69.3468412610697,FALSE
66.207818013335,FALSE
68.0377164747336,FALSE
67.7380478414428,FALSE
68.6527282208332,FALSE
67.4198822005815,FALSE
67.1919997520723,FALSE
67.0901675180592,FALSE
65.4055996073843,FALSE
66.2576166502048,FALSE
67.2857291095403,FALSE
65.2864280022989,FALSE
66.7078876408702,FALSE
68.7342751573891,FALSE
65.706339891496,FALSE
67.1148714619091,FALSE
68.2164140461605,FALSE
65.2820126095825,FALSE
68.2948077751257,FALSE
66.3830022522988,FALSE
67.8212278510401,FALSE
69.0856379988884,FALSE
67.5290522750575,FALSE
65.9093252366096,FALSE
67.4721306284838,FALSE
66.6989027468015,FALSE
67.7646785177891,FALSE
66.4953718205528,FALSE
66.68477126779,FALSE
67.8392894852131,FALSE
67.5394921733447,FALSE
67.3221747996622,FALSE
67.4206428700593,FALSE
65.6435540519154,FALSE
65.4987489441755,FALSE
67.178429647985,FALSE
66.5881855898689,FALSE
66.3812697315125,FALSE
65.3672489124304,FALSE
67.9341832634196,FALSE
68.8624267136202,FALSE
65.022504674496,FALSE
64.8940402820173,FALSE
67.1999343410298,FALSE
65.7326427176027,FALSE
64.8179980456664,FALSE
66.3301320492398,FALSE
67.5870458299141,FALSE
68.0811646840282,FALSE
65.9376585708041,FALSE
68.0255223581143,FALSE
66.5815271609227,FALSE
66.0613397144271,FALSE
68.03023356697,FALSE
66.2122592349636,FALSE
68.5975223333461,FALSE
65.980314545289,FALSE
68.4049349080032,FALSE
69.5713979192873,FALSE
66.4205026690649,FALSE
66.8202726225151,FALSE
66.465650282024,FALSE
67.7672750950913,FALSE
68.5523354371821,FALSE
67.0228550107566,FALSE
67.5463822299176,FALSE
64.557092225634,FALSE
65.5599060647481,FALSE
67.959897163056,FALSE
67.3015147371767,FALSE
66.8105442822307,FALSE
66.8621451472013,FALSE
67.7674299679677,FALSE
67.8736459986193,FALSE
67.3316683908566,FALSE
68.5725848777654,FALSE
66.1730690082669,FALSE
67.7261452485442,FALSE
67.1275073955024,FALSE
67.6185450982355,FALSE
68.7654532913226,FALSE
66.9817340574843,FALSE
68.4627660008858,FALSE
66.3223729748409,FALSE
66.4708159589834,FALSE
66.7838493443475,FALSE
66.5175197639387,FALSE
66.312929410465,FALSE
66.7658887863923,FALSE
65.7378261202908,FALSE
68.5578043284691,FALSE
66.1723065422101,FALSE
66.4314438307918,FALSE
66.7860960021421,FALSE
67.6049456263586,FALSE
66.7112774418602,FALSE
66.208393012597,FALSE
67.2102459480799,FALSE
66.0630210630168,FALSE
66.2430276119148,FALSE
66.4415991743797,FALSE
65.6038440002932,FALSE
66.8582908203525,FALSE
67.3391864346773,FALSE
65.2894452558634,FALSE
67.1406124871602,FALSE
66.8913839135531,FALSE
66.5014278386418,FALSE
66.6833855844734,FALSE
68.4501453438532,FALSE
65.5359626416525,FALSE
68.3305349848721,FALSE
67.5175994778447,FALSE
67.1142916807185,FALSE
67.1105823625682,FALSE
66.4936506797385,FALSE
67.7372241639771,FALSE
68.2213282241525,FALSE
67.2076094422863,FALSE
67.041980253962,FALSE
66.3485481181373,FALSE
64.7345578289029,FALSE
65.7596167287353,FALSE
66.3901892509361,FALSE
68.3560686461021,FALSE
66.3939322835015,FALSE
68.2385452491394,FALSE
67.7364040844347,FALSE
67.3204820213529,FALSE
66.656455651421,FALSE
67.0229280140534,FALSE
68.5094323021675,FALSE
67.7492081514712,FALSE
65.2627188206676,FALSE
65.9818317375626,FALSE
68.081315319687,FALSE
66.4797300834411,FALSE
66.9138326066649,FALSE
66.7389225107769,FALSE
65.776733658177,FALSE
66.1616661850273,FALSE
66.5805979427263,FALSE
66.6478162995071,FALSE
66.4834179330479,FALSE
66.791369148218,FALSE
66.0182606517438,FALSE
67.5495045016539,FALSE
67.4650964489824,FALSE
68.1581717422869,FALSE
67.5104555056264,FALSE
69.218754852819,FALSE
67.276202268838,FALSE
65.0287146537664,FALSE
65.7428865597932,FALSE
68.609810236496,FALSE
67.6752691739818,FALSE
67.9205425764241,FALSE
65.5183364300971,FALSE
66.0945626683749,FALSE
64.9331909423766,FALSE
67.7667749430451,FALSE
66.499238004026,FALSE
65.3835924319012,FALSE
69.4330881376959,FALSE
67.7478653011546,FALSE
65.963133417026,FALSE
69.6629857593869,FALSE
66.7315163406775,FALSE
66.0253151203043,FALSE
66.7520281489205,FALSE
66.8278453600272,FALSE
67.4834035676577,FALSE
65.8641731884203,FALSE
66.5390353388703,FALSE
66.3532991418687,FALSE
67.1389423055823,FALSE
67.9207268651992,FALSE
66.7577644637924,FALSE
65.3924765251308,FALSE
66.4019657218972,FALSE
65.6729584326579,FALSE
68.0741089539019,FALSE
65.6699088352268,FALSE
64.9459595909629,FALSE
66.8041279286457,FALSE
66.9258337080224,FALSE
67.2518937798347,FALSE
66.9901427470913,FALSE
66.8850164395699,FALSE
70.0695572022003,FALSE
68.8387556321096,FALSE
67.6461169419961,FALSE
66.0633162020458,FALSE
67.4781078420502,FALSE
68.1452244145322,FALSE
66.572627308989,FALSE
67.3741047620738,FALSE
67.4099875460996,FALSE
66.3715554169367,FALSE
67.5834180063555,FALSE
67.3851036931184,FALSE
66.3730128972341,FALSE
66.9093370467727,FALSE
66.5330197826889,FALSE
66.7009594164073,FALSE
66.7941477203675,FALSE
67.1923547878242,FALSE
68.8769873537039,FALSE
66.4690922197921,FALSE
67.1007604903445,FALSE
68.4637729707473,FALSE
66.012181323639,FALSE
66.2249076453665,FALSE
66.181749526748,FALSE
67.3118294899394,FALSE
66.4790878809076,FALSE
65.0679731390261,FALSE
66.1086890881386,FALSE
67.1390800305438,FALSE
67.0206081615032,FALSE
67.141942868204,FALSE
66.9550840019442,FALSE
66.4859521658345,FALSE
67.6973594088942,FALSE
66.2579030664468,FALSE
65.5697406489608,FALSE
69.5133014157576,FALSE
68.2110730841608,FALSE
67.2826130736646,FALSE
66.2098920098808,FALSE
67.6573472234998,FALSE
65.1535126935724,FALSE
65.1760315223903,FALSE
67.4622229003132,FALSE
67.6869990465502,FALSE
66.6743398720922,FALSE
68.8287755790047,FALSE
67.3293567125398,FALSE
66.2396109249528,FALSE
67.1051113518421,FALSE
69.0692509664947,FALSE
66.5819661081328,FALSE
67.6600433923968,FALSE
65.8011872176658,FALSE
68.5906450355172,FALSE
67.6337245251875,FALSE
66.450614996253,FALSE
65.9879145600241,FALSE
66.6137534977048,FALSE
67.2967674690922,FALSE
67.3554541581142,FALSE
66.9713487608405,FALSE
67.6331653358674,FALSE
68.0543911344028,FALSE
68.2853072192599,FALSE
67.8109581113324,FALSE
69.8096204333375,FALSE
67.3134533857994,FALSE
67.8348861840332,FALSE
65.630367082256,FALSE
65.680602780483,FALSE
66.5142543405216,FALSE
66.8828583881746,FALSE
66.435574930708,FALSE
66.981997146996,FALSE
66.26649349288,FALSE
66.7253756173178,FALSE
67.4984928749784,FALSE
67.3677306538424,FALSE
67.2019147216378,FALSE
67.084636825016,FALSE
66.4598872079379,FALSE
65.9464818172416,FALSE
65.5411448501169,FALSE
65.6885697258605,FALSE
66.6832749389845,FALSE
68.9768715774882,FALSE
67.3892015852779,FALSE
67.1267490668351,FALSE
67.6843219886331,FALSE
67.0445814060437,FALSE
66.2855786840843,FALSE
67.2580241503389,FALSE
66.9759256758262,FALSE
67.0503355071205,FALSE
67.5768708091452,FALSE
68.6168189280979,FALSE
66.0479055514901,FALSE
67.3586832064743,FALSE
67.7464048125438,FALSE
67.4585266412568,FALSE
67.6312851095015,FALSE
67.5343222532264,FALSE
65.6663032605746,FALSE
65.6004347903432,FALSE
68.2605489836675,FALSE
68.1487431004877,FALSE
68.3046971109985,FALSE
67.7966427255033,FALSE
66.5505476889805,FALSE
68.2339863250934,FALSE
66.8877310947844,FALSE
66.5666708262877,FALSE
68.2836822720345,FALSE
66.7704510741757,FALSE
67.3552191922391,FALSE
66.9208421805246,FALSE
66.8941682239989,FALSE
69.7064233702922,FALSE
68.0337148191122,FALSE
65.4661898975407,FALSE
66.9157668663645,FALSE
67.2091285779074,FALSE
67.6130016208728,FALSE
68.1569135807342,FALSE
67.7463084416617,FALSE
68.1377441717549,FALSE
65.9295536385334,FALSE
67.6517612533566,FALSE
69.2693689629509,FALSE
67.1373407373745,FALSE
68.3064749378263,FALSE
68.8285913135404,FALSE
66.2646125385669,FALSE
66.8192673902883,FALSE
66.4584025768538,FALSE
67.6468670408788,FALSE
64.4993746095768,FALSE
65.7387445782024,FALSE
68.759334488521,FALSE
65.790007009324,FALSE
66.2823818282121,FALSE
66.4581457707594,FALSE
68.6504854253938,FALSE
66.4093252677049,FALSE
66.6738304613466,FALSE
65.6672344772943,FALSE
67.9690471779738,FALSE
67.1350358087358,FALSE
66.5229603715442,FALSE
64.4914087404181,FALSE
66.8380624098089,FALSE
66.1681752854331,FALSE
66.0656808986596,FALSE
67.4242188332789,FALSE
66.9877703123109,FALSE
65.233347585494,FALSE
66.1266312823237,FALSE
68.1545037799349,FALSE
68.681824060107,FALSE
67.267722463978,FALSE
66.1988447249407,FALSE
64.3730106352982,FALSE
66.3478790466894,FALSE
66.9656404987778,FALSE
68.0179792795926,FALSE
65.6969754723722,FALSE
67.4336666251127,FALSE
65.7648252709348,FALSE
67.3965565156512,FALSE
67.4395389957995,FALSE
66.3588885948004,FALSE
66.7827168687461,FALSE
67.5912958715411,FALSE
67.2621586571283,FALSE
67.0091065965053,FALSE
65.3347484180885,FALSE
67.9075290619659,FALSE
67.513940281658,FALSE
67.6556771784956,FALSE
65.8952719470615,FALSE
67.4778255471296,FALSE
67.7826775385061,FALSE
67.548196682618,FALSE
68.8524909971676,FALSE
67.0452792303739,FALSE
65.819605789442,FALSE
67.2339004150886,FALSE
67.6614733107776,FALSE
66.4551803942185,FALSE
66.8307236248657,FALSE
65.688772904556,FALSE
66.4642278435265,FALSE
67.3319862394832,FALSE
66.6552259431678,FALSE
68.0242541243817,FALSE
65.1585244684845,FALSE
65.7585558347611,FALSE
65.3626937858051,FALSE
65.2798575237249,FALSE
67.699789989247,FALSE
66.4981058228333,FALSE
66.6974351406864,FALSE
65.4384521886865,FALSE
66.480557937225,FALSE
64.8974596642699,FALSE
65.5771811937729,FALSE
68.2382187520937,FALSE
66.2291351799891,FALSE
66.0394921769935,FALSE
67.767941555896,FALSE
67.1609604986882,FALSE
65.4971603742576,FALSE
67.4429697866322,FALSE
66.618328380419,FALSE
67.207030861766,FALSE
68.3857225881546,FALSE
67.0986015541639,FALSE
67.2625745229262,FALSE
67.640270306643,FALSE
66.3935206690735,FALSE
67.3710642357194,FALSE
66.8880018812837,FALSE
67.2853102086315,FALSE
68.0312171953151,FALSE
67.5332829009034,FALSE
66.4544913524939,FALSE
66.3436488616257,FALSE
67.8103322080956,FALSE
67.4211987295307,FALSE
66.3922647400588,FALSE
67.7436439240533,FALSE
67.6531146943998,FALSE
67.0679133039089,FALSE
66.1510830763533,FALSE
68.9861133066609,FALSE
67.2031327522674,FALSE
66.3500496804313,FALSE
66.6534894703469,FALSE
66.991186537802,FALSE
68.8454403226905,FALSE
67.6631712859043,FALSE
66.8681997525587,FALSE
66.8988279412775,FALSE
66.8927138942514,FALSE
65.6117297201229,FALSE
66.8528406110571,FALSE
68.8650724815355,FALSE
66.3676371391208,FALSE
66.932557575725,FALSE
66.3632131704382,FALSE
66.8456588907694,FALSE
66.7180828913396,FALSE
67.7655629705094,FALSE
65.0441979037168,FALSE
65.5455965260364,FALSE
65.6147502164015,FALSE
66.3241971086669,FALSE
67.5621920373696,FALSE
66.4904756796553,FALSE
67.6678059187743,FALSE
66.8120727650616,FALSE
67.1767450170297,FALSE
67.637616059794,FALSE
64.7423405110221,FALSE
67.1990578937109,FALSE
66.8145362446373,FALSE
65.8163166535454,FALSE
67.0377598526944,FALSE
66.0282908493304,FALSE
67.4880639552665,FALSE
67.6774481128316,FALSE
67.0476907854589,FALSE
66.632416192297,FALSE
68.2109697538134,FALSE
66.7557756337616,FALSE
65.6195097434887,FALSE
67.4386343454922,FALSE
64.1461126076648,FALSE
67.2515526250933,FALSE
65.8262422103437,FALSE
66.9125959122472,FALSE
67.1336838905869,FALSE
66.3708979330161,FALSE
68.1074966280015,FALSE
66.0969664621079,FALSE
68.0812119273782,FALSE
67.3158667260135,FALSE
66.8698280606016,FALSE
65.2067133896522,FALSE
68.0343389234458,FALSE
67.1633844454728,FALSE
68.1892349548861,FALSE
67.8756187934607,FALSE
66.3272479389332,FALSE
67.6018113625083,FALSE
68.3222303837592,FALSE
67.5161892818517,FALSE
67.690270061938,FALSE
65.6314192976734,FALSE
68.4383170663094,FALSE
67.6360727327596,FALSE
67.9224821558331,FALSE
67.41129993204,FALSE
66.6296151031942,FALSE
64.8691223104167,FALSE
66.1895005343629,FALSE
66.4934937164569,FALSE
66.0114652846124,FALSE
66.3129326202861,FALSE
67.0443796631964,FALSE
68.068275779602,FALSE
67.2712310562217,FALSE
67.1439454234524,FALSE
67.0329184369316,FALSE
66.3081484199327,FALSE
67.0723206647001,FALSE
66.3475016836555,FALSE
65.476364137551,FALSE
67.0796112504267,FALSE
66.5548870806501,FALSE
66.5783588087082,FALSE
65.1904160866725,FALSE
65.0323893757427,FALSE
66.2118691274509,FALSE
67.5362983912415,FALSE
67.7663267616065,FALSE
65.7658785510836,FALSE
66.1001020705583,FALSE
67.3294133608837,FALSE
66.2687309936611,FALSE
66.1156889295607,FALSE
66.524966080006,FALSE
67.2413003692579,FALSE
66.6368960854967,FALSE
67.8223490096264,FALSE
67.2042809159208,FALSE
66.1336147682288,FALSE
66.6170358908257,FALSE
66.5610524677878,FALSE
67.9784909321627,FALSE
68.1719427202424,FALSE
67.2166379880292,FALSE
66.8285605508728,FALSE
68.0992668325473,FALSE
67.9903306850191,FALSE
66.319848760595,FALSE
68.1400501699318,FALSE
66.8886088799859,FALSE
67.4471562247444,FALSE
67.6381620453056,FALSE
66.3711813466251,FALSE
66.7392991084964,FALSE
67.4875614367591,FALSE
66.446670106557,FALSE
65.9528025491451,FALSE
65.4898937061458,FALSE
66.5178245376249,FALSE
66.5707757973594,FALSE
67.7960990372502,FALSE
65.4630262021155,FALSE
65.2470719567103,FALSE
68.246558580435,FALSE
69.5163240122704,FALSE
67.5171530145209,FALSE
67.8068451144109,FALSE
66.4768137624615,FALSE
67.4962162013175,FALSE
65.9541075507549,FALSE
65.9782018135055,FALSE
67.2941100496323,FALSE
65.7528789666437,FALSE
66.9824862264082,FALSE
65.8044803648798,FALSE
67.1252737117952,FALSE
67.7780694307807,FALSE
67.7334690101819,FALSE
66.0366095658225,FALSE
66.3571394912396,FALSE
67.0329506675012,FALSE
66.8365560296048,FALSE
67.7794752004292,FALSE
67.783215874554,FALSE
67.5983992683025,FALSE
67.4677817743885,FALSE
67.9507378380398,FALSE
66.7250289397719,FALSE
66.9387119858299,FALSE
68.5412219442828,FALSE
67.5953834001503,FALSE
67.2219547725482,FALSE
65.6673943649313,FALSE
65.9686598880802,FALSE
66.1475347210315,FALSE
68.2243214399757,FALSE
68.5435209433807,FALSE
66.8197978135794,FALSE
67.2650281927595,FALSE
67.4016217956313,FALSE
65.6464297340768,FALSE
65.7915915724195,FALSE
65.8334191706714,FALSE
66.3820777858997,FALSE
67.0904143157294,FALSE
67.0033516446287,FALSE
66.3507939649219,FALSE
67.9771000996915,FALSE
66.7053025696157,FALSE
65.4398004951263,FALSE
66.4839360149204,FALSE
64.232514063066,FALSE
67.1505788701769,FALSE
66.1832515181122,FALSE
65.0844263734908,FALSE
66.2345605720132,FALSE
68.4021567638338,FALSE
66.9282967712543,FALSE
67.1016925524947,FALSE
68.0196001543208,FALSE
66.446399720785,FALSE
67.7313706219294,FALSE
67.2981278566437,FALSE
65.7229706976442,FALSE
66.0020127354754,FALSE
66.7082622852832,FALSE
65.607604422137,FALSE
67.4681130116392,FALSE
66.975033180936,FALSE
66.0777938303657,FALSE
66.9352356301238,FALSE
66.608441355264,FALSE
66.0102849591892,FALSE
65.5959592361455,FALSE
64.8077749932357,FALSE
65.6549302179631,FALSE
66.4458797223743,FALSE
67.5650893900784,FALSE
68.4238839991433,FALSE
67.6782569129273,FALSE
68.0811467856784,FALSE
66.6231335046893,FALSE
65.6583015783439,FALSE
66.233038444676,FALSE
67.2791490579553,FALSE
68.0955793255491,FALSE
67.8895220674141,FALSE
66.9184851147605,FALSE
68.1221420471495,FALSE
67.3510055687763,FALSE
67.174892715802,FALSE
67.282612926629,FALSE
66.6816381989957,FALSE
66.4315493293576,FALSE
66.0424656544872,FALSE
65.7797243624635,FALSE
65.5600554171032,FALSE
67.3801931640013,FALSE
66.1100708685084,FALSE
67.6464125894678,FALSE
66.630330101311,FALSE
65.8825279873805,FALSE
68.6359433927965,FALSE
67.5936243679382,FALSE
69.0602290087097,FALSE
66.7344699086594,FALSE
66.2910611207503,FALSE
66.5590205392405,FALSE
67.1397190707172,FALSE
67.1421482323032,FALSE
66.100797045561,FALSE
66.2558843037662,FALSE
67.88180151658,FALSE
67.0147415581222,FALSE
67.7037360910729,FALSE
67.088721596665,FALSE
68.0453662971365,FALSE
67.0990666079232,FALSE
68.7651457310124,FALSE
67.1384742712465,FALSE
65.5945217109251,FALSE
67.3125344816798,FALSE
68.8155315663343,FALSE
67.6787914185121,FALSE
64.9255330629344,FALSE
67.6883382464377,FALSE
66.361738760117,FALSE
68.9892453679973,FALSE
67.1306628201274,FALSE
66.7838656503193,FALSE
67.9355508817869,FALSE
67.2207958957603,FALSE
69.4543110360556,FALSE
65.9667255307762,FALSE
66.5660328661247,FALSE
67.4027363890246,FALSE
67.8821119100266,FALSE
67.7475203451739,FALSE
65.5581099951452,FALSE
67.0832768606099,FALSE
66.1763299373745,FALSE
67.0509729538148,FALSE
67.1466042488354,FALSE
65.7157146995484,FALSE
67.4223695481359,FALSE
67.7828013358243,FALSE
67.1650368856571,FALSE
66.0243559360819,FALSE
68.1355801365537,FALSE
67.3892578549178,FALSE
65.5255638606776,FALSE
66.7284716291883,FALSE
70.0282995959293,FALSE
66.6920956561813,FALSE
65.8012728011884,FALSE
65.6887657778587,FALSE
67.8351726154791,FALSE
67.3250318454517,FALSE
67.0458805449041,FALSE
66.9521889902745,FALSE
66.976383716876,FALSE
65.8234370319809,FALSE
67.2231467583906,FALSE
66.4223027637448,FALSE
67.6900893941646,FALSE
67.9188244080493,FALSE
67.0001375984515,FALSE
68.0497917964967,FALSE
67.0854769399704,FALSE
67.8033103354777,FALSE
67.344148356038,FALSE
66.8262911343788,FALSE
65.3620390271795,FALSE
69.7978971479592,FALSE
67.3481290079153,FALSE
67.0068300766116,FALSE
68.4711253369602,FALSE
67.4106676113152,FALSE
66.9421464312271,FALSE
66.3409184900378,FALSE
65.8284170736568,FALSE
65.7310031325174,FALSE
66.8421804190406,FALSE
66.7031724870026,FALSE
67.9037995903822,FALSE
67.2693104444955,FALSE
66.576624176467,FALSE
66.4070247869922,FALSE
66.7806238078198,FALSE
64.9574944704412,FALSE
69.7131782369749,FALSE
67.8325781951045,FALSE
67.4155724854582,FALSE
67.3594357316693,FALSE
66.1825429112453,FALSE
65.1903338675862,FALSE
65.6168674845429,FALSE
69.3321571757917,FALSE
66.7320440607236,FALSE
69.0857157539162,FALSE
66.5784080909639,FALSE
68.7902233305391,FALSE
67.9460605861105,FALSE
67.8375364895607,FALSE
66.3214786562757,FALSE
66.787338940189,FALSE
67.3342371708397,FALSE
67.6161115475372,FALSE
66.8292852489139,FALSE
66.8658668018643,FALSE
66.5123290335368,FALSE
67.2845774375256,FALSE
65.7355356633087,FALSE
66.5697586430934,FALSE
67.9241837777562,FALSE
67.2813029314568,FALSE
66.6854434221106,FALSE
67.4716554545201,FALSE
67.5281979739364,FALSE
67.8640599648312,FALSE
66.1589356209905,FALSE
65.4396620419608,FALSE
66.6672438399816,FALSE
66.2052383073893,FALSE
68.3453900640972,FALSE
67.5384527955449,FALSE
66.7082699515764,FALSE
67.556556706558,FALSE
66.6931996446782,FALSE
66.7050887866465,FALSE
66.5292243202115,FALSE
66.1185991281861,FALSE
66.0911006982342,FALSE
66.4047536048621,FALSE
67.6477267609242,FALSE
68.0469549803936,FALSE
66.2341427938815,FALSE
65.3439674710091,FALSE
67.8440295927771,FALSE
66.1227507208267,FALSE
65.8475591079296,FALSE
68.6833846078565,FALSE
66.2414861437523,FALSE
68.7108190862706,FALSE
66.6485639057012,FALSE
67.2097596375961,FALSE
66.2053840300847,FALSE
67.4699047076315,FALSE
68.084741922631,FALSE
67.3186545389935,FALSE
67.3352738280478,FALSE
66.6236791848163,FALSE
67.0454193976561,FALSE
66.0078322245683,FALSE
66.2430821276826,FALSE
67.9075940776484,FALSE
64.4676357776224,FALSE
65.682841059184,FALSE
67.2955018125066,FALSE
69.8967725824829,FALSE
68.2891163865053,FALSE
67.3703761665084,FALSE
67.1823730147141,FALSE
67.3495400820196,FALSE
66.8378704743312,FALSE
67.8401388275715,FALSE
65.1110249658839,FALSE
67.6769673419389,FALSE
66.5466049229583,FALSE
67.4576419457653,FALSE
67.3681368226494,FALSE
66.6479902491135,FALSE
68.9654596568894,FALSE
66.6840751746067,FALSE
67.6333640643411,FALSE
65.9629257474803,FALSE
66.650300948177,FALSE
66.0668814632301,FALSE
68.3972042804704,FALSE
67.3412646401965,FALSE
66.0601003444432,FALSE
65.9931013973011,FALSE
67.6937146646626,FALSE
68.5454593176984,FALSE
66.853900129089,FALSE
68.0843100093246,FALSE
69.2404512032665,FALSE
66.5447799653918,FALSE
64.8251354932256,FALSE
68.1247202673324,FALSE
66.9918281822082,FALSE
67.6040477977551,FALSE
67.8732721105069,FALSE
67.5688355095737,FALSE
67.2725601118108,FALSE
68.0694267850662,FALSE
66.961547819533,FALSE
67.5305434532527,FALSE
68.1696740385223,FALSE
66.8068444351082,FALSE
68.3140630287613,FALSE
66.2084346517949,FALSE
67.638065184422,FALSE
68.1190894281574,FALSE
66.2825299742073,FALSE
66.2590690976862,FALSE
69.2811902260982,FALSE
68.4052081304009,FALSE
66.9215869516127,FALSE
66.2153872444965,FALSE
66.6479151676995,FALSE
66.9864956714411,FALSE
65.8870066098791,FALSE
67.4829888052668,FALSE
65.9872855944075,FALSE
67.4890423258262,FALSE
66.1485614574433,FALSE
67.397035674705,FALSE
67.3648258886953,FALSE
66.074496121396,FALSE
68.0475916130674,FALSE
67.7075945362275,FALSE
67.0356621898503,FALSE
66.159796747573,FALSE
64.5066465537474,FALSE
65.1998861927088,FALSE
68.3063339124188,FALSE
67.5931014019033,FALSE
66.8537416282259,FALSE
67.0424362963254,FALSE
66.2318751220467,FALSE
67.255719772937,FALSE
66.0222782809176,FALSE
66.1838623681693,FALSE
66.8963914266417,FALSE
66.341056372248,FALSE
66.2615566156457,FALSE
66.5616002164994,FALSE
65.5941161821856,FALSE
68.0994284458811,FALSE
68.0377857198055,FALSE
66.3392925707675,FALSE
68.9448646160563,FALSE
67.0884744780187,FALSE
66.5621840301844,FALSE
68.1182529882562,FALSE
66.0859569270341,FALSE
68.4450784814613,FALSE
66.739782934687,FALSE
66.3064730549247,FALSE
67.7200954033391,FALSE
66.1404303197167,FALSE
66.6951524668949,FALSE
67.0508804023168,FALSE
66.5448249159226,FALSE
67.9547198508433,FALSE
65.9718744871783,FALSE
66.1193333252749,FALSE
64.6443224536012,FALSE
66.5315102344144,FALSE
67.5510261892786,FALSE
66.1584722532876,FALSE
67.2160118703924,FALSE
67.9119680181044,FALSE
66.812150921731,FALSE
67.5662502954322,FALSE
66.4583184609152,FALSE
64.9440188597474,FALSE
67.4560914957636,FALSE
67.7265628450814,FALSE
67.6681103593024,FALSE
66.3000201211528,FALSE
67.3745467212848,FALSE
68.185166493087,FALSE
64.2548399150421,FALSE
67.9595021117705,FALSE
65.7324494837259,FALSE
68.1854491332802,FALSE
66.099587593913,FALSE
67.1373804419596,FALSE
67.5702054936881,FALSE
66.3666921800226,FALSE
66.5038995170225,FALSE
67.962732310927,FALSE
67.392524213204,FALSE
65.6237643822509,FALSE
64.9287414079193,FALSE
68.9395798258477,FALSE
66.9467801837585,FALSE
66.6936057709104,FALSE
66.3683462000532,FALSE
67.2258331913393,FALSE
70.4135708902547,FALSE
65.9414272843042,FALSE
66.1515007367246,FALSE
67.1191899426716,FALSE
65.4536942987534,FALSE
67.6358773614568,FALSE
65.9170581156418,FALSE
68.434545337221,FALSE
68.0630976950933,FALSE
66.9939747248223,FALSE
67.8573125532001,FALSE
66.9069761586705,FALSE
67.7334966768612,FALSE
67.3521274430494,FALSE
68.7617637957478,FALSE
65.4949712574032,FALSE
66.5219177241336,FALSE
67.2221777853576,FALSE
66.8284029424792,FALSE
66.7636371186772,FALSE
66.5071844451783,FALSE
66.7427079982328,FALSE
67.3578760565199,FALSE
65.3697909067048,FALSE
67.2769670937101,FALSE
66.5079715539396,FALSE
65.316839712979,FALSE
66.4034940016304,FALSE
67.4946364496922,FALSE
67.6806984871336,FALSE
67.0064160117491,FALSE
66.8766553666914,FALSE
68.2003980523317,FALSE
68.0556960734219,FALSE
66.8355333430247,FALSE
67.5735915612816,FALSE
66.7620776379604,FALSE
66.0342446455097,FALSE
66.6046376070827,FALSE
66.1701796773406,FALSE
65.2983427882179,FALSE
68.815647996496,FALSE
65.0820338269065,FALSE
66.5639558850896,FALSE
66.7605624159769,FALSE
65.5204231879663,FALSE
68.6756801092095,FALSE
67.8754110937698,FALSE
67.9807623858841,FALSE
68.2048716111009,FALSE
66.9633372835847,FALSE
66.2482090538104,FALSE
67.3886935036094,FALSE
67.6262611211296,FALSE
66.0051210872825,FALSE
67.7536338124524,FALSE
66.8180270652596,FALSE
66.8461009968741,FALSE
68.5694370776538,FALSE
68.2778450963548,FALSE
66.2362348154792,FALSE
67.1190489119682,FALSE
66.9228385000027,FALSE
65.5656492500222,FALSE
66.8247844866348,FALSE
65.9069962524493,FALSE
65.7125573013016,FALSE
66.8957765860078,FALSE
68.3006908676193,FALSE
68.0163192060315,FALSE
66.8361644264641,FALSE
65.8565742148845,FALSE
67.0440029799956,FALSE
67.4722077608868,FALSE
66.4481716363356,FALSE
64.9943096983055,FALSE
66.8101068359383,FALSE
69.0235356146346,FALSE
66.266335268716,FALSE
67.470106970122,FALSE
67.6789905552088,FALSE
67.3163750517415,FALSE
65.1130002435878,FALSE
67.2960564630999,FALSE
68.1925195240207,FALSE
66.4321622506603,FALSE
66.9056900110264,FALSE
65.955482462296,FALSE
67.7920098603323,FALSE
68.0342924644337,FALSE
68.3432508795705,FALSE
66.1452649242172,FALSE
67.5973047013592,FALSE
68.1960348120237,FALSE
67.0578462528048,FALSE
65.6107763336435,FALSE
66.8183604651056,FALSE
66.8488616479831,FALSE
68.7549349119246,FALSE
66.2966604772321,FALSE
66.2156140773382,FALSE
67.9314005964066,FALSE
69.3958548726749,FALSE
66.4822599679596,FALSE
67.5184561388455,FALSE
65.7408182205786,FALSE
65.4612657842047,FALSE
66.911009136032,FALSE
66.1870084034143,FALSE
67.9588275819876,FALSE
68.0500059906025,FALSE
68.0337352785283,FALSE
66.3352789320962,FALSE
66.5746611059469,FALSE
66.2495221216143,FALSE
68.2263805713963,FALSE
66.7068729514145,FALSE
66.2763983013539,FALSE
66.3936361722027,FALSE
67.3596941043973,FALSE
66.4866501639493,FALSE
66.3844497955855,FALSE
67.6923504057161,FALSE
64.9442553233215,FALSE
66.8704333950736,FALSE
66.8610779120278,FALSE
67.1121808844181,FALSE
66.6164985354885,FALSE
67.4955699789571,FALSE
67.3690982683348,FALSE
68.059566636944,FALSE
66.8811593225196,FALSE
65.1423966338443,FALSE
68.286012437993,FALSE
68.2421569993141,FALSE
66.0353175170347,FALSE
66.8869015203496,FALSE
67.2254942085273,FALSE
68.3309586584184,FALSE
67.0412344583915,FALSE
64.8501792055348,FALSE
67.9221132761709,FALSE
67.7088754945477,FALSE
68.5077344233005,FALSE
67.5818775314935,FALSE
67.394142121355,FALSE
64.5745360510524,FALSE
65.2630888973219,FALSE
67.8281504448992,FALSE
67.1997466140993,FALSE
69.2182212833664,FALSE
66.630724777607,FALSE
66.7606338420961,FALSE
68.3464692487991,FALSE
67.2356258207984,FALSE
67.5037324395793,FALSE
67.6840644240003,FALSE
65.399393602257,FALSE
66.4677960743616,FALSE
68.1938798709731,FALSE
66.2711600567907,FALSE
67.5699538847539,FALSE
66.8639102101954,FALSE
68.2037082227651,FALSE
66.8401793112237,FALSE
66.6126288611168,FALSE
66.1364340268707,FALSE
65.4021686577924,FALSE
67.0909224331859,FALSE
67.07889879633,FALSE
68.5383728621083,FALSE
67.7500767994545,FALSE
65.3480666330488,FALSE
69.2489736588412,FALSE
67.2047947095992,FALSE
69.1771286782823,FALSE
67.4244844455873,FALSE
65.8201673546577,FALSE
67.2953861366053,FALSE
67.0603735678084,FALSE
68.3594411215487,FALSE
68.5346880611402,FALSE
67.3702574907088,FALSE
68.4220029785847,FALSE
65.9974504256638,FALSE
65.9697307255778,FALSE
65.5007565766809,FALSE
67.2237375743586,FALSE
65.1338493220234,FALSE
66.7117495489208,FALSE
67.282753553576,FALSE
67.9648132498775,FALSE
65.5118331714045,FALSE
66.500464260895,FALSE
67.9409877621028,FALSE
67.2989457257364,FALSE
68.6152502886961,FALSE
67.037781024858,FALSE
67.1551226657836,FALSE
67.8241626671684,FALSE
67.6941847104667,FALSE
65.7406521234583,FALSE
66.5251825331354,FALSE
65.0631845956626,FALSE
66.2770380873569,FALSE
67.4745819928316,FALSE
66.5092782245165,FALSE
67.0199390592549,FALSE
67.2096658588053,FALSE
66.3011254279434,FALSE
64.7313355591421,FALSE
65.7700163281667,FALSE
67.9433797102355,FALSE
66.7437616969433,FALSE
64.7855667521193,FALSE
66.5132879216483,FALSE
68.3313208173185,FALSE
66.093981906872,FALSE
68.0032585900948,FALSE
67.5276134037738,FALSE
68.0222040071442,FALSE
67.9911709881805,FALSE
66.8064426639293,FALSE
67.781186260721,FALSE
67.3607033240134,FALSE
67.1289469664631,FALSE
66.9220681300927,FALSE
68.0986767672016,FALSE
67.7128462181814,FALSE
67.2203288385248,FALSE
67.0899993309712,FALSE
67.8319675844581,FALSE
65.72677729285,FALSE
66.9770583855451,FALSE
67.3087385144822,FALSE
66.68912240051,FALSE
67.2644237887434,FALSE
66.642784006538,FALSE
67.4125910857063,FALSE
67.2391051441248,FALSE
65.6087839452474,FALSE
67.0520458552421,FALSE
64.8094491310246,FALSE
66.8536493821911,FALSE
67.8727391497387,FALSE
66.2597994582173,FALSE
65.7342275070632,FALSE
67.7301540983072,FALSE
68.059971851956,FALSE
66.4012779339851,FALSE
67.6479288621108,FALSE
69.585669405347,FALSE
67.0934714464776,FALSE
68.2922617235982,FALSE
67.5081997753339,FALSE
67.9274051980578,FALSE
67.2844151041609,FALSE
65.0495364250293,FALSE
68.8650126195536,FALSE
65.3204431432625,FALSE
66.3554625962765,FALSE
67.8547476279138,FALSE
69.2286591328023,FALSE
65.4646902973222,FALSE
67.057933224759,FALSE
67.5579551524749,FALSE
66.7734821961089,FALSE
67.5660203594433,FALSE
68.3867338166185,FALSE
64.6668811327742,FALSE
66.9847856918264,FALSE
67.9700349681493,FALSE
67.042010572523,FALSE
64.8768759887379,FALSE
65.6908994140556,FALSE
66.4005401478388,FALSE
66.7860276700734,FALSE
66.8797442120063,FALSE
68.231928657178,FALSE
67.4884962633421,FALSE
65.9690498680783,FALSE
69.4785305296906,FALSE
67.5254360044766,FALSE
69.0463341010599,FALSE
66.3003618838278,FALSE
67.3534533519467,FALSE
68.2786952588492,FALSE
66.4530602997204,FALSE
67.2887888803944,FALSE
66.7780686076931,FALSE
67.2865102024154,FALSE
67.4887600303005,FALSE
65.4960975980583,FALSE
66.3805125576643,FALSE
66.5031086190601,FALSE
67.0297497200939,FALSE
65.5693308033816,FALSE
66.7405032709845,FALSE
68.6238818808935,FALSE
66.4261494488225,FALSE
66.7120358432787,FALSE
66.108987785761,FALSE
67.7353482898763,FALSE
66.5977324639236,FALSE
66.455143914867,FALSE
66.7030505193372,FALSE
67.9239419072072,FALSE
68.1271397122239,FALSE
66.2863478866148,FALSE
67.4734282266789,FALSE
67.1905170498842,FALSE
68.011960357567,FALSE
68.2071097462932,FALSE
67.0626248314029,FALSE
67.0582898033958,FALSE
65.9981446974528,FALSE
67.2394940077185,FALSE
66.5117974008935,FALSE
68.3603676637261,FALSE
68.4608930847036,FALSE
66.0416035405872,FALSE
66.8152776632527,FALSE
66.8927861099617,FALSE
66.6537488219923,FALSE
64.9757926522637,FALSE
65.7314256337125,FALSE
67.0587048758894,FALSE
66.6280504056929,FALSE
65.2710120888823,FALSE
68.282135669969,FALSE
66.6117038375301,FALSE
66.2689318813496,FALSE
67.3178277120445,FALSE
67.104248657687,FALSE
67.5671205613033,FALSE
66.3791818700177,FALSE
66.2198574083693,FALSE
67.3227321685399,FALSE
67.2623369691429,FALSE
66.6761162290742,FALSE
66.9148839762859,FALSE
68.4570115684782,FALSE
68.8438906276065,FALSE
66.2536713663385,FALSE
66.4971786968944,FALSE
66.5847435768913,FALSE
68.366264765183,FALSE
67.0301427715656,FALSE
67.32524373995,FALSE
68.6582089084252,FALSE
65.6507670080103,FALSE
65.9993303166516,FALSE
67.0315975053489,FALSE
68.0878890137763,FALSE
67.893991768858,FALSE
66.5535498508232,FALSE
65.3052671630669,FALSE
67.7167514467356,FALSE
68.232061698969,FALSE
65.9402108090026,FALSE
67.1638653858679,FALSE
66.5825929144342,FALSE
66.7009619442635,FALSE
65.063553605581,FALSE
66.6606031478574,FALSE
66.0459921883573,FALSE
64.8262943249481,FALSE
66.0240625233354,FALSE
66.944970497214,FALSE
68.0326325255111,FALSE
67.2343252864592,FALSE
68.1639829322978,FALSE
67.6517204914188,FALSE
66.5894914477753,FALSE
66.4512217151743,FALSE
66.1461672577925,FALSE
67.393466554095,FALSE
67.5088642186775,FALSE
66.7363521338351,FALSE
67.2112947497734,FALSE
68.8326802600026,FALSE
65.2270425091828,FALSE
64.9567204226541,FALSE
67.4410813719176,FALSE
67.4458895124,FALSE
66.9274278346715,FALSE
66.5746770296859,FALSE
68.5814778584486,FALSE
67.0233692074549,FALSE
66.9790601311944,FALSE
68.7680689505363,FALSE
67.3809791985883,FALSE
65.2411040074615,FALSE
68.2103933389374,FALSE
66.2858008845986,FALSE
66.966164075637,FALSE
67.6232400726477,FALSE
67.2201249050969,FALSE
67.051326619972,FALSE
65.6404189583024,FALSE
66.1202375427893,FALSE
66.0186163434735,FALSE
68.096251257692,FALSE
65.0581261411973,FALSE
67.4874996607393,FALSE
67.5063333258111,FALSE
67.3117959290197,FALSE
68.8013989186454,FALSE
66.6256559886898,FALSE
67.4462003628057,FALSE
66.4382831108042,FALSE
67.0358055786132,FALSE
67.5801868815807,FALSE
67.0460860660442,FALSE
66.8767357106494,FALSE
67.8768538619204,FALSE
67.5544362546609,FALSE
67.1663571417829,FALSE
67.8436644579279,FALSE
65.101715735898,FALSE
67.3273374131539,FALSE
68.5894155504398,FALSE
68.9208212482525,FALSE
67.0328679997795,FALSE
66.9494535853438,FALSE
65.8322870498701,FALSE
68.4429450209892,FALSE
67.3741545280829,FALSE
67.5786600579181,FALSE
66.3896638880083,FALSE
67.1464571982731,FALSE
68.6375600243894,FALSE
67.1255538185966,FALSE
67.7471357126897,FALSE
66.7212386437351,FALSE
65.1146008425783,FALSE
67.9666268591779,FALSE
66.2802190502654,FALSE
67.0339033570584,FALSE
66.9376041822819,FALSE
68.4299156543704,FALSE
68.0221671966948,FALSE
66.6108287765532,FALSE
67.3081227236353,FALSE
66.0252505060234,FALSE
68.1224710375947,FALSE
65.3504272120287,FALSE
65.5071485749379,FALSE
68.3617861001535,FALSE
67.0448994464369,FALSE
67.5027180305058,FALSE
66.578627426309,FALSE
68.1547323430982,FALSE
67.4264244572762,FALSE
68.709960847725,FALSE
69.1753344624541,FALSE
68.637826188583,FALSE
66.6613602526213,FALSE
65.439311979612,FALSE
66.5326208979983,FALSE
66.2379298052318,FALSE
69.9008767361163,FALSE
66.7894840265592,FALSE
67.1477555769236,FALSE
66.9043389721093,FALSE
67.2140602922565,FALSE
66.0864063315403,FALSE
66.9113641616726,FALSE
66.7409821847648,FALSE
67.3241097971134,FALSE
65.4454637997933,FALSE
66.44165940238,FALSE
68.5474936182134,FALSE
67.2616755917481,FALSE
67.4664273614604,FALSE
70.8907457314084,FALSE
68.6260627163032,FALSE
66.1776394368797,FALSE
68.4545745876184,FALSE
66.8705516285694,FALSE
66.2271963873637,FALSE
66.6430951480182,FALSE
67.5955948780137,FALSE
68.059042902307,FALSE
66.1427110129917,FALSE
66.6108430598463,FALSE
67.2981691796573,FALSE
66.032570031458,FALSE
65.2357035599516,FALSE
66.7975445819247,FALSE
68.3272397070948,FALSE
65.9089924751035,FALSE
67.7468630539918,FALSE
67.1478066465084,FALSE
66.1397704175974,FALSE
67.8712302601604,FALSE
66.3828818840247,FALSE
67.1073343419853,FALSE
67.4464029268186,FALSE
68.4167399418269,FALSE
68.8691333152837,FALSE
67.8889940670225,FALSE
66.8297915799022,FALSE
66.3074895543569,FALSE
67.5548348404586,FALSE
68.0421642434525,FALSE
69.0888102060426,FALSE
65.5873966292675,FALSE
66.090184091095,FALSE
66.9101658361551,FALSE
67.8830632746917,FALSE
67.1142585185496,FALSE
68.6191163417621,FALSE
68.3804548927829,FALSE
69.1479033152591,FALSE
66.7178854723605,FALSE
64.9541893204313,FALSE
65.1286576909809,FALSE
67.150883698543,FALSE
66.8755055723517,FALSE
66.3382603669533,FALSE
67.5905993597137,FALSE
65.2457522440238,FALSE
66.2396620178909,FALSE
67.6325949157602,FALSE
66.4804137876625,FALSE
67.994290944437,FALSE
64.6724840637002,FALSE
68.0937115233711,FALSE
65.6741638185605,FALSE
68.2078625102421,FALSE
66.4487484282372,FALSE
68.0155507413567,FALSE
68.3376734838233,FALSE
66.7499722060852,FALSE
66.4072922498185,FALSE
67.6426066929835,FALSE
68.5473315766626,FALSE
66.8241123911699,FALSE
68.5159571080989,FALSE
69.8933550120135,FALSE
65.8535045783987,FALSE
66.7772723844671,FALSE
67.8289635956977,FALSE
66.3468216932017,FALSE
69.3094867882292,FALSE
66.7887779382047,FALSE
66.4498327959987,FALSE
67.98291465509,FALSE
66.4424025354256,FALSE
67.3546347852396,FALSE
68.5460953723852,FALSE
68.8102913050866,FALSE
66.7795938691693,FALSE
67.3992076493298,FALSE
67.8667534845401,FALSE
67.6253940189887,FALSE
66.7693472670058,FALSE
66.5475180910228,FALSE
67.3225126001727,FALSE
66.4058900624175,FALSE
66.4419811357828,FALSE
66.4210416605817,FALSE
66.9273039460847,FALSE
66.6242935360093,FALSE
67.4146832985911,FALSE
67.4231564156627,FALSE
66.6015754433811,FALSE
67.2679258031025,FALSE
66.6182469043058,FALSE
67.1878984368255,FALSE
66.4538269274618,FALSE
66.8762071728203,FALSE
67.6584902788698,FALSE
67.0129266418919,FALSE
66.1153811461604,FALSE
67.0530689660638,FALSE
67.6780542049287,FALSE
66.305401180976,FALSE
67.992194130882,FALSE
66.9369066442811,FALSE
67.8364547360725,FALSE
67.3228519682612,FALSE
68.1331174431753,FALSE
68.3202950222918,FALSE
65.4962064462439,FALSE
65.9402741516118,FALSE
67.3622121413595,FALSE
66.3003304492072,FALSE
66.9557210983087,FALSE
67.0740020057512,FALSE
67.0218575392201,FALSE
65.7272660777779,FALSE
67.4774564791702,FALSE
65.8754761183127,FALSE
67.0371122346867,FALSE
65.9107753490281,FALSE
68.4598126878468,FALSE
66.8685056857456,FALSE
66.6172681291412,FALSE
67.8209677232783,FALSE
66.959513037591,FALSE
67.6557297796667,FALSE
65.4009822875099,FALSE
66.1796906817814,FALSE
68.4512968012085,FALSE
66.2752532314754,FALSE
66.9174639420942,FALSE
66.8801966349181,FALSE
66.9164578538171,FALSE
66.8179525901724,FALSE
67.4210372942737,FALSE
66.4999804610938,FALSE
64.716496012149,FALSE
66.1305430424087,FALSE
65.5537105910976,FALSE
66.3564914166325,FALSE
66.2610320896093,FALSE
67.8095314283411,FALSE
66.0396235037343,FALSE
67.4740143429493,FALSE
64.701376188764,FALSE
68.0146888016938,FALSE
66.6252625170227,FALSE
68.0757018483148,FALSE
68.1752474069848,FALSE
66.5226059438819,FALSE
66.0580882062908,FALSE
65.8150131137774,FALSE
66.811339434689,FALSE
67.8358074433146,FALSE
66.4669172927325,FALSE
68.0470770992338,FALSE
66.381511982171,FALSE
65.3890357687616,FALSE
67.6654718871326,FALSE
66.9341228697863,FALSE
66.4182691532153,FALSE
66.2494289299909,FALSE
67.1846714028231,FALSE
67.3259816485093,FALSE
65.2711842264708,FALSE
66.8263898143325,FALSE
65.9453269211767,FALSE
66.8500391897182,FALSE
67.6941388938459,FALSE
68.6537067928559,FALSE
66.8820025462396,FALSE
70.047875769055,FALSE
68.0973413252885,FALSE
67.1806814827135,FALSE
65.239588092577,FALSE
66.3551224926098,FALSE
67.681931405701,FALSE
65.8301374644446,FALSE
65.9424070412117,FALSE
64.9443490624542,FALSE
68.1407063367943,FALSE
66.753952579133,FALSE
67.9706122902958,FALSE
66.7600293333464,FALSE
64.9791926903632,FALSE
65.8987269804962,FALSE
67.7489759128087,FALSE
67.0459500175219,FALSE
66.0091159471808,FALSE
67.2630761966348,FALSE
67.5836379004198,FALSE
68.7794881062832,FALSE
67.6365803237995,FALSE
69.5150967665546,FALSE
66.7214962789629,FALSE
67.0282364001397,FALSE
68.2702328824123,FALSE
66.1941916050253,FALSE
67.5191606655985,FALSE
66.936033994096,FALSE
67.0595427663448,FALSE
68.5921235993714,FALSE
68.0636191478799,FALSE
65.9677470089291,FALSE
66.1938696198507,FALSE
67.6850725607479,FALSE
67.6253362101728,FALSE
67.691498499281,FALSE
67.9493293018479,FALSE
67.5825685905266,FALSE
66.567886922851,FALSE
65.9764859480732,FALSE
68.6452438178729,FALSE
66.8887673943243,FALSE
65.1422859593743,FALSE
68.1740140397367,FALSE
66.6126054380151,FALSE
66.9061588407707,FALSE
67.4807243580097,FALSE
65.5883110552497,FALSE
65.9807039340772,FALSE
67.1355237119009,FALSE
70.1380831337718,FALSE
67.7874642797724,FALSE
67.9634401238209,FALSE
67.2655117383241,FALSE
66.0667779289331,FALSE
66.3138847636685,FALSE
65.9861856212318,FALSE
66.9216200542148,FALSE
66.3636782185317,FALSE
66.6346606996548,FALSE
68.1193141854398,FALSE
68.2078812529124,FALSE
67.545630816571,FALSE
67.1213824064755,FALSE
68.6199246762013,FALSE
66.4734325538627,FALSE
68.0439762510244,FALSE
65.6205364193508,FALSE
66.9538127740339,FALSE
66.9304229811455,FALSE
67.4991056194559,FALSE
64.7684439651574,FALSE
67.531978176741,FALSE
68.1996038276328,FALSE
66.650686807795,FALSE
67.5252802939647,FALSE
66.6824757710157,FALSE
66.665856084233,FALSE
64.9042564868729,FALSE
66.4154782223833,FALSE
63.3724711662693,FALSE
66.8912277816888,FALSE
68.1050033836284,FALSE
67.1736034035113,FALSE
66.0966413041426,FALSE
66.1640220261129,FALSE
66.7227957968793,FALSE
66.9436699481281,FALSE
66.8992665806662,FALSE
67.0962599498594,FALSE
66.9153634905507,FALSE
68.6317356642329,FALSE
66.252548460327,FALSE
68.2025906428196,FALSE
65.9925728649559,FALSE
66.8056725402522,FALSE
66.6971236482564,FALSE
65.8608766345221,FALSE
67.1541133036829,FALSE
65.8432503949461,FALSE
67.2052319613043,FALSE
67.1873140941526,FALSE
66.4771613068452,FALSE
68.5047445787115,FALSE
67.0855193746993,FALSE
67.7146004469328,FALSE
65.8654923652949,FALSE
67.6599547643425,FALSE
66.4143707778985,FALSE
69.5408092644643,FALSE
68.8617145110113,FALSE
65.6228183851253,FALSE
66.4335459568674,FALSE
67.0622236442275,FALSE
66.3632806213614,FALSE
68.8314389633083,FALSE
66.5559893812147,FALSE
67.5877790399902,FALSE
65.8125484522353,FALSE
64.9792473641958,FALSE
65.8102052682186,FALSE
68.1486300936257,FALSE
67.7936441532127,FALSE
69.3124111474277,FALSE
67.4467008330401,FALSE
65.3822608013133,FALSE
67.7397060729683,FALSE
67.2639105686658,FALSE
66.1319041941102,FALSE
65.4654101696611,FALSE
67.3093728211283,FALSE
69.926861015149,FALSE
67.9119851380568,FALSE
66.9317928199057,FALSE
65.8480688483602,FALSE
67.3343141668786,FALSE
66.5752856960099,FALSE
67.2550862711415,FALSE
67.1938208235067,FALSE
67.0794594323454,FALSE
67.3659100279386,FALSE
68.1507305269853,FALSE
67.1501101884836,FALSE
68.4122536760879,FALSE
66.9856016504738,FALSE
67.6600924644168,FALSE
66.928251620006,FALSE
66.702712655872,FALSE
67.7498538168387,FALSE
65.8364124579846,FALSE
68.4453852332098,FALSE
65.3466126930777,FALSE
66.8130997091968,FALSE
66.0694727795581,FALSE
67.0097264410413,FALSE
67.5131512293795,FALSE
66.1650246389913,FALSE
66.4500883991373,FALSE
65.9822752529369,FALSE
65.6681942235276,FALSE
67.2362463129011,FALSE
67.305435025698,FALSE
67.7828770620097,FALSE
67.9495092244006,FALSE
66.8114864214896,FALSE
66.9040526795303,FALSE
67.900391975882,FALSE
67.0040568341475,FALSE
67.0593664718524,FALSE
65.8355713032411,FALSE
67.5868899509698,FALSE
67.167834044398,FALSE
66.5254310546129,FALSE
68.9136093060618,FALSE
65.2156539284217,FALSE
66.8485420529059,FALSE
67.9892032937129,FALSE
67.5111018979547,FALSE
65.9447181434539,FALSE
66.3973399768596,FALSE
66.8762714216779,FALSE
65.7055006839559,FALSE
66.1881693026243,FALSE
65.1852466554329,FALSE
67.4552757592853,FALSE
67.3037120564193,FALSE
65.9123590698466,FALSE
67.3192402933433,FALSE
67.780441690568,FALSE
66.6492129323921,FALSE
67.054706773059,FALSE
67.3903782818058,FALSE
66.7435759943751,FALSE
67.1834089752991,FALSE
64.8344144558921,FALSE
68.2981135879756,FALSE
66.5682983788083,FALSE
65.9935604782896,FALSE
68.2411649915458,FALSE
66.7889788041167,FALSE
66.6747370856297,FALSE
67.1149830199642,FALSE
66.3820721988083,FALSE
66.7299615454694,FALSE
66.3157993629278,FALSE
66.9913444876686,FALSE
68.723940133871,FALSE
67.944413816481,FALSE
68.122478806242,FALSE
66.8933692066333,FALSE
68.5090925200656,FALSE
66.1346529877216,FALSE
65.9705443955157,FALSE
65.2618962842211,FALSE
67.2410623163474,FALSE
66.1559871994747,FALSE
67.7568717297858,FALSE
67.1916009857256,FALSE
66.7027593848816,FALSE
66.6430041867527,FALSE
67.2621299978894,FALSE
66.0399499464037,FALSE
69.2695542771824,FALSE
66.8306153638416,FALSE
66.7331853265326,FALSE
67.9945133593037,FALSE
68.7037894413816,FALSE
67.6216426106712,FALSE
67.4679383666418,FALSE
67.3873250173845,FALSE
66.6892999806596,FALSE
67.4003253564053,FALSE
67.805107013219,FALSE
68.9130092368211,FALSE
66.1391890933948,FALSE
67.4269969452569,FALSE
67.1234534785735,FALSE
66.3992488232429,FALSE
67.6721712136115,FALSE
67.0254800169891,FALSE
67.3008272939717,FALSE
67.5641852821626,FALSE
63.9514113892526,FALSE
66.7360172624802,FALSE
66.0656471502874,FALSE
67.5597667644127,FALSE
66.2140443892376,FALSE
67.6523341880084,FALSE
65.2715009295122,FALSE
68.3095109701924,FALSE
66.1462235719626,FALSE
68.4895445902415,FALSE
68.511121537739,FALSE
67.2570835818213,FALSE
66.4826275995772,FALSE
67.9882816900853,FALSE
66.5200129634328,FALSE
66.3325160154822,FALSE
67.6028041024805,FALSE
66.4750822490777,FALSE
66.3872667309467,FALSE
67.2652806950211,FALSE
69.6447015551857,FALSE
67.1707057532972,FALSE
67.834056222002,FALSE
67.3191429413389,FALSE
69.1150027072645,FALSE
68.5449460759217,FALSE
67.2770912888073,FALSE
66.1615055066634,FALSE
66.7384600997806,FALSE
67.9321982570871,FALSE
66.882980118274,FALSE
67.0231758946988,FALSE
66.2859660361318,FALSE
66.1118430235779,FALSE
68.3327833826344,FALSE
67.0377298706043,FALSE
66.3834930236697,FALSE
68.1746609237371,FALSE
69.6748677253951,FALSE
67.2343900880423,FALSE
65.4605270719726,FALSE
65.2994817639655,FALSE
66.0399225108651,FALSE
65.800570282809,FALSE
65.9952204244466,FALSE
66.6077865128437,FALSE
65.7727428936059,FALSE
66.9615437595975,FALSE
67.5324842144132,FALSE
66.8974219311512,FALSE
66.7755965512139,FALSE
66.6174705167268,FALSE
65.9420934355919,FALSE
67.4262487714787,FALSE
66.6984917007265,FALSE
67.6743686020326,FALSE
67.1054504060438,FALSE
66.7107498442422,FALSE
64.5863403455273,FALSE
66.121096135499,FALSE
66.8678745818384,FALSE
66.8250508144499,FALSE
66.9614523419682,FALSE
66.1596188614793,FALSE
66.0773069875029,FALSE
68.115272242822,FALSE
66.8120193659621,FALSE
66.1842470630897,FALSE
65.7943101120736,FALSE
67.4155191625996,FALSE
68.5689662211193,FALSE
66.5378862416711,FALSE
66.073198669619,FALSE
64.826216843614,FALSE
68.3370501194741,FALSE
66.2023798504578,FALSE
68.4145392150505,FALSE
67.9724311968448,FALSE
66.6807130554359,FALSE
66.6430384715387,FALSE
66.3519970108938,FALSE
66.9784607740443,FALSE
66.8156782339477,FALSE
67.1063254265051,FALSE
68.5957499969985,FALSE
67.0080334419257,FALSE
68.2782731239187,FALSE
67.5650308483376,FALSE
66.370811771711,FALSE
67.2672385667698,FALSE
66.6201051878868,FALSE
68.2075133827976,FALSE
66.3452059725276,FALSE
67.7834951413593,FALSE
67.7762129015462,FALSE
66.2612903587523,FALSE
66.2157608423494,FALSE
68.1714416457854,FALSE
68.0014978921697,FALSE
67.3142004128193,FALSE
64.095107810523,FALSE
68.7733107306258,FALSE
66.8494979760047,FALSE
66.6086334475179,FALSE
65.4470731267498,FALSE
66.8492011774418,FALSE
66.542676293555,FALSE
65.3886997889243,FALSE
66.2899159529404,FALSE
68.261964985521,FALSE
65.8568130184802,FALSE
66.4167896348687,FALSE
68.4038450754141,FALSE
66.0089489062412,FALSE
66.7414792724456,FALSE
65.4215133358335,FALSE
66.7635500851459,FALSE
67.5921748088023,FALSE
65.6399788975731,FALSE
66.8326109548863,FALSE
68.0574274867739,FALSE
69.3075708652565,FALSE
66.8877030459443,FALSE
66.3385719348618,FALSE
68.1098806461126,FALSE
66.7170789091776,FALSE
65.9747864343457,FALSE
67.7907898146467,FALSE
68.0446809706022,FALSE
68.024814564778,FALSE
67.9155208979245,FALSE
67.1770578592339,FALSE
68.3472570387981,FALSE
68.0743932316299,FALSE
66.5797906561491,FALSE
66.8166576710819,FALSE
67.7693932479496,FALSE
66.4983662380229,FALSE
67.2088915372574,FALSE
68.2171940016433,FALSE
68.1094168885533,FALSE
65.5330075528586,FALSE
66.4190507044076,FALSE
67.3512687756543,FALSE
66.6129578988575,FALSE
66.3287149904207,FALSE
65.2894183483971,FALSE
67.4542357307293,FALSE
68.6133138686,FALSE
67.0147117744319,FALSE
66.5960332814005,FALSE
66.6488626117434,FALSE
66.2373125345054,FALSE
67.550362335146,FALSE
66.5710894687121,FALSE
66.9062328169403,FALSE
67.6251624005034,FALSE
66.5820360683451,FALSE
66.0010300426627,FALSE
65.4602403022435,FALSE
65.5735408277643,FALSE
66.4542379538572,FALSE
66.155843952183,FALSE
66.8170297047289,FALSE
68.2886597003075,FALSE
65.7691247743504,FALSE
65.4206232134559,FALSE
66.5827298464723,FALSE
66.0006016023886,FALSE
67.0465159192789,FALSE
65.9651610529992,FALSE
67.5387591275645,FALSE
66.7818534610574,FALSE
67.1964780292518,FALSE
67.8729450405166,FALSE
66.9293535275061,FALSE
68.042012608327,FALSE
67.4550451874856,FALSE
67.2809117223861,FALSE
67.4337718060089,FALSE
66.9278260931061,FALSE
66.9150595277118,FALSE
65.9436390314274,FALSE
67.4759378612821,FALSE
67,FALSE
68.7857142857143,FALSE
70.5714285714286,FALSE
72.3571428571429,FALSE
74.1428571428571,FALSE
75.9285714285714,FALSE
77.7142857142857,FALSE
79.5,FALSE
81.2857142857143,FALSE
83.0714285714286,FALSE
84.8571428571429,FALSE
86.6428571428571,FALSE
88.4285714285714,FALSE
90.2142857142857,TRUE
92,TRUE
91.349,TRUE
89.5669285714286,FALSE
87.7848571428571,FALSE
86.0027857142857,FALSE
84.2207142857143,FALSE
82.4386428571429,FALSE
80.6565714285714,FALSE
78.8745,FALSE
77.0924285714286,FALSE
75.3103571428571,FALSE
73.5282857142857,FALSE
71.7462142857143,FALSE
69.9641428571429,FALSE
68.1820714285714,FALSE
66.4,FALSE
66.1848885911552,FALSE
66.8523938197243,FALSE
67.6384288751464,FALSE
67.4934162544551,FALSE
66.2759286814066,FALSE
68.2404149197618,FALSE
67.8545152678719,FALSE
67.4356306086647,FALSE
66.0904523447006,FALSE
67.798020286509,FALSE
68.3139675248248,FALSE
68.5925833891818,FALSE
65.0345540087293,FALSE
67.4641304830621,FALSE
67.855892765493,FALSE
66.5091683972182,FALSE
66.4120908357613,FALSE
67.0824217016723,FALSE
67.8375061236978,FALSE
67.6114815059278,FALSE
66.7773677205335,FALSE
66.5925855080697,FALSE
65.9514207873404,FALSE
66.0656985274266,FALSE
67.5800125578804,FALSE
66.9020088675643,FALSE
67.0931983265926,FALSE
66.7282356811,FALSE
66.4024605519182,FALSE
65.7533231656172,FALSE
67.1334131424753,FALSE
67.442244427499,FALSE
65.4160188009207,FALSE
67.1619785877442,FALSE
65.7239949303038,FALSE
66.7502497163941,FALSE
66.3846533472609,FALSE
66.3570526271363,FALSE
66.7319139421013,FALSE
66.4984915349204,FALSE
66.8030872012508,FALSE
67.304941078825,FALSE
69.0210790207509,FALSE
68.0233883029572,FALSE
68.457183853097,FALSE
65.8486959739745,FALSE
67.155579066792,FALSE
66.8497674097676,FALSE
66.6209519091776,FALSE
67.1087768723332,FALSE
66.547480741868,FALSE
68.4865966937592,FALSE
65.5663971748086,FALSE
70.3539059937483,FALSE
67.9736414421176,FALSE
69.4056480936671,FALSE
67.90299930807,FALSE
66.6950030690424,FALSE
66.8920193654434,FALSE
66.5934198471175,FALSE
65.7846480928717,FALSE
66.4144086304264,FALSE
66.5832048257058,FALSE
66.2017431763715,FALSE
67.1793008529867,FALSE
65.8091690857492,FALSE
67.5447953868756,FALSE
67.1843468897866,FALSE
67.0425132539198,FALSE
67.1552902486651,FALSE
67.0844099803453,FALSE
69.4618836019535,FALSE
66.4511005978304,FALSE
66.4582733563657,FALSE
68.1964126556732,FALSE
67.4555052753446,FALSE
66.2965354637206,FALSE
66.240081799496,FALSE
65.1832938085115,FALSE
67.7992002281404,FALSE
66.0076766021642,FALSE
65.3562635564326,FALSE
67.0049428422123,FALSE
67.8212552642978,FALSE
66.9993905499042,FALSE
67.7753727948568,FALSE
65.5182413714576,FALSE
66.0496758768306,FALSE
67.3478948227755,FALSE
66.8595303969289,FALSE
66.1195587721501,FALSE
66.1539702885602,FALSE
67.0065215914966,FALSE
66.8274008501316,FALSE
65.992853238428,FALSE
66.5413921831328,FALSE
67.5783523546653,FALSE
67.2962993061248,FALSE
66.8681120882671,FALSE
67.1487235157375,FALSE
66.9045560990308,FALSE
67.6320706071712,FALSE
65.8527444564486,FALSE
64.6078035626654,FALSE
68.0352445828723,FALSE
68.4020557326424,FALSE
67.0528556191574,FALSE
68.3676010026475,FALSE
68.4194892161948,FALSE
67.7273687226102,FALSE
65.4034688907247,FALSE
65.8621687973641,FALSE
67.8458793467004,FALSE
67.3722013926663,FALSE
66.0991069562619,FALSE
68.0278238618269,FALSE
66.9726776772343,FALSE
67.4900471499528,FALSE
67.3423604210543,FALSE
68.6549498542263,FALSE
66.8546715090853,FALSE
67.6933162383451,FALSE
67.4185688983705,FALSE
68.5279444979783,FALSE
66.3973811552178,FALSE
69.324951170669,FALSE
67.2579467062255,FALSE
64.5228820634215,FALSE
66.1326953539744,FALSE
65.5268509828852,FALSE
69.1109220735734,FALSE
66.5652053401459,FALSE
66.2994998228302,FALSE
66.1716590847621,FALSE
67.313716302463,FALSE
68.3647996806585,FALSE
66.7947957268453,FALSE
67.5240342352892,FALSE
67.229320902236,FALSE
67.3031415299176,FALSE
66.6940721906827,FALSE
67.7857334261252,FALSE
65.4427056273241,FALSE
65.4210086589076,FALSE
66.4635826621565,FALSE
68.0503589137866,FALSE
66.8209738569871,FALSE
66.37922088072,FALSE
66.9936146941703,FALSE
68.2648768396787,FALSE
67.8711569823305,FALSE
65.4429456910832,FALSE
66.7296095742301,FALSE
66.0106130024595,FALSE
66.4058525536009,FALSE
67.7576771242542,FALSE
66.5117831395898,FALSE
66.09107147012,FALSE
68.2733998580556,FALSE
65.438200768923,FALSE
67.6169934028883,FALSE
66.9197783602397,FALSE
66.5274725515977,FALSE
69.1295671790893,FALSE
66.66109805363,FALSE
66.0497415390477,FALSE
68.6858427238273,FALSE
68.5738080067814,FALSE
64.5420351298689,FALSE
66.1409523366881,FALSE
66.8224935221382,FALSE
66.7712637771291,FALSE
68.1161792324355,FALSE
65.6811022876874,FALSE
67.6010694814762,FALSE
67.0611996388298,FALSE
65.7800943082865,FALSE
67.712439601141,FALSE
65.7393961448718,FALSE
66.5880170768042,FALSE
67.8042480665523,FALSE
67.1517450158182,FALSE
66.6603829938235,FALSE
67.4528935106288,FALSE
65.9978203662911,FALSE
68.8207894000225,FALSE
65.1788009400497,FALSE
66.3898615157079,FALSE
67.155099703869,FALSE
67.529983421588,FALSE
66.9891940548944,FALSE
66.5108833680574,FALSE
66.9491513898991,FALSE
66.1496843330352,FALSE
68.9409602180476,FALSE
68.0796457131075,FALSE
68.5588357572686,FALSE
68.017530197912,FALSE
66.6479093264851,FALSE
67.4090770372406,FALSE
65.7535292153064,FALSE
66.48215919612,FALSE
68.4952429588322,FALSE
66.3075602121515,FALSE
65.1458528929032,FALSE
67.254657685626,FALSE
67.8112597925698,FALSE
66.1116571622948,FALSE
68.2372464001755,FALSE
67.3629549211331,FALSE
67.6495217793698,FALSE
65.7633716436858,FALSE
67.8107795377135,FALSE
66.1609111729368,FALSE
67.0822351581276,FALSE
67.493289646629,FALSE
69.15040765189,FALSE
67.4870341854186,FALSE
66.4848448931796,FALSE
66.7953439953946,FALSE
66.9031275816863,FALSE
67.9558588327736,FALSE
66.9437010524472,FALSE
65.8096375925216,FALSE
68.3532523206112,FALSE
64.8193955971108,FALSE
67.3666055057757,FALSE
67.3273343592808,FALSE
68.1031563270791,FALSE
65.9317528426206,FALSE
69.0212484825257,FALSE
66.2154149066431,FALSE
67.7685079364473,FALSE
67.6080690320963,FALSE
64.6408523204997,FALSE
65.5280321818065,FALSE
66.7091407811746,FALSE
65.7617920238819,FALSE
67.4682341624195,FALSE
67.5021346097469,FALSE
65.940042346117,FALSE
66.5687742819169,FALSE
67.8938500104229,FALSE
66.3053871389803,FALSE
68.091136155268,FALSE
68.4407801984467,FALSE
66.7959688803767,FALSE
67.6187678303893,FALSE
67.0625394631808,FALSE
66.3739883612157,FALSE
66.3124268567948,FALSE
67.2754161228787,FALSE
68.8196193896505,FALSE
68.260362571564,FALSE
65.8938000951975,FALSE
66.5528217572617,FALSE
68.3153094550967,FALSE
66.0447172383368,FALSE
66.774426454564,FALSE
68.7476562126179,FALSE
67.5488782159338,FALSE
68.0674019781461,FALSE
66.5673213600429,FALSE
69.0920054320191,FALSE
68.1442813270869,FALSE
65.6214439288511,FALSE
67.0056793133694,FALSE
66.7825132609049,FALSE
67.3793499578252,FALSE
65.2101303678208,FALSE
66.4330578224252,FALSE
66.8796974273281,FALSE
66.4257568917914,FALSE
66.24817949466,FALSE
66.9270942150832,FALSE
66.2971984717057,FALSE
67.9042401682826,FALSE
68.4256251058924,FALSE
67.3037502682971,FALSE
65.8569309098298,FALSE
67.8557041612272,FALSE
66.8614053109673,FALSE
68.1778219228028,FALSE
66.6235196001159,FALSE
65.832061146894,FALSE
66.9387613306439,FALSE
65.7170553210449,FALSE
67.0193258958882,FALSE
67.1984902071716,FALSE
66.3795853329005,FALSE
66.7063498851006,FALSE
69.3468034491941,FALSE
67.9450308599094,FALSE
66.0503220070836,FALSE
68.3151477769165,FALSE
66.3777163331911,FALSE
65.9240392067751,FALSE
66.9751040591346,FALSE
67.9115325568544,FALSE
68.3116789136781,FALSE
68.2738414309195,FALSE
67.1253511047507,FALSE
67.8578557194401,FALSE
66.4664759309599,FALSE
66.6811594953608,FALSE
66.7902094678933,FALSE
65.05134321193,FALSE
67.4670024065683,FALSE
67.0603756179003,FALSE
65.6705155947596,FALSE
66.9750555256894,FALSE
65.8277670284004,FALSE
66.3216531059315,FALSE
65.9171616894018,FALSE
66.1818468783605,FALSE
66.0747483038909,FALSE
65.5328732977619,FALSE
67.1217541357448,FALSE
67.2061113009272,FALSE
67.4013354901094,FALSE
67.0183193182629,FALSE
67.730915494294,FALSE
67.4194449811095,FALSE
67.2861972475041,FALSE
67.0086468596193,FALSE
65.9554375971949,FALSE
66.848500989826,FALSE
67.305560122908,FALSE
67.1051827359218,FALSE
66.2969934711047,FALSE
65.1459391083543,FALSE
67.174348015454,FALSE
68.1843333853012,FALSE
66.9298931398991,FALSE
65.1368007206232,FALSE
68.5637064237807,FALSE
64.0077171148717,FALSE
66.9654782025185,FALSE
66.244012652554,FALSE
66.5686313569095,FALSE
65.0125381048017,FALSE
66.7479937468755,FALSE
66.8143302433642,FALSE
65.945210372203,FALSE
66.1402587507806,FALSE
66.9640632124174,FALSE
65.5324508640107,FALSE
67.4818364986047,FALSE
66.5222622712562,FALSE
68.8744090175414,FALSE
66.9506100574338,FALSE
67.8068309934054,FALSE
67.0025122777962,FALSE
65.2318017032713,FALSE
66.078475152827,FALSE
66.8133846808657,FALSE
66.6958145584656,FALSE
66.2535819731977,FALSE
67.6789265942327,FALSE
67.7763111459936,FALSE
66.8398197367793,FALSE
67.7859244917185,FALSE
68.1489833996546,FALSE
66.5403822638963,FALSE
67.8442851051827,FALSE
66.6136870243124,FALSE
67.5935541030629,FALSE
66.4377860148862,FALSE
66.7674158847304,FALSE
67.8748884783411,FALSE
66.7840979612428,FALSE
66.7444623419098,FALSE
66.2716835010395,FALSE
67.1139039984659,FALSE
67.1484762846253,FALSE
67.5684188958832,FALSE
67.5648758772274,FALSE
67.3578608214796,FALSE
67.0292708420614,FALSE
67.0999684887822,FALSE
64.9733995429714,FALSE
68.3292433442698,FALSE
67.4631526143281,FALSE
68.7602231119749,FALSE
68.2711696773182,FALSE
66.6066473989792,FALSE
67.2003143209719,FALSE
65.4602029805171,FALSE
66.3757977315536,FALSE
65.0711627900239,FALSE
66.6183159127584,FALSE
67.5050424535982,FALSE
67.1122452153195,FALSE
68.9157753660167,FALSE
68.3713427451348,FALSE
65.5914311266807,FALSE
66.9885031323616,FALSE
66.5581902991776,FALSE
67.8247830215758,FALSE
67.2491345457589,FALSE
67.7471573625346,FALSE
66.2331522443583,FALSE
66.5890590189584,FALSE
67.3310976803161,FALSE
66.0550524841767,FALSE
67.5150577215643,FALSE
67.8651933220833,FALSE
67.1134484734682,FALSE
65.9223863699959,FALSE
68.0740397217758,FALSE
67.0318501224731,FALSE
68.3714648614971,FALSE
64.7495687689614,FALSE
66.8294358963328,FALSE
66.9978585917817,FALSE
66.5483540527626,FALSE
65.8243535796947,FALSE
66.8292277243001,FALSE
68.4934435355042,FALSE
69.1780259384376,FALSE
67.9571327917529,FALSE
67.1299874603917,FALSE
67.1287114922412,FALSE
68.0718797488049,FALSE
66.680072983227,FALSE
66.875364418276,FALSE
66.0357581178995,FALSE
65.632262945819,FALSE
67.5139465039492,FALSE
67.0830077170228,FALSE
66.0525990637216,FALSE
68.1223180611181,FALSE
65.1466431410083,FALSE
66.8885609791665,FALSE
66.2146893580099,FALSE
67.2027148746822,FALSE
66.1975407149431,FALSE
66.0256203671489,FALSE
65.944822093832,FALSE
68.3576281273711,FALSE
67.3543249260737,FALSE
67.4638519778763,FALSE
67.1877875311357,FALSE
68.4360918360121,FALSE
66.4091226841263,FALSE
67.1076767044014,FALSE
67.4967394996363,FALSE
66.895964775583,FALSE
66.9195682317924,FALSE
67.7166146958952,FALSE
67.1577237540638,FALSE
65.6647752521308,FALSE
67.3150726552061,FALSE
67.1351582754773,FALSE
66.5561589903978,FALSE
67.409511532014,FALSE
68.0304408023316,FALSE
66.5875615621282,FALSE
66.7198451647477,FALSE
65.8142256711164,FALSE
66.2226641754236,FALSE
66.4252628175879,FALSE
69.7830553583204,FALSE
66.3814889424872,FALSE
67.7464751335167,FALSE
67.0177839561079,FALSE
66.2542082217123,FALSE
68.062792889598,FALSE
65.6523398148011,FALSE
67.1459709030458,FALSE
67.5437921475775,FALSE
68.7867168084352,FALSE
67.8483181603403,FALSE
67.7171700197238,FALSE
68.0414982242197,FALSE
68.4377666268475,FALSE
66.5583494612696,FALSE
66.9979610132039,FALSE
66.6599681262656,FALSE
65.2792922179837,FALSE
65.5341465187646,FALSE
68.6551035158468,FALSE
67.0027740739901,FALSE
67.4924339162784,FALSE
67.7362092207983,FALSE
66.7029006620461,FALSE
65.3522775861555,FALSE
68.734793495903,FALSE
67.6621802471772,FALSE
64.7919992619429,FALSE
66.6261977219665,FALSE
66.3816908109735,FALSE
65.2226731108582,FALSE
67.3108932412006,FALSE
67.6031820168627,FALSE
68.2455490489538,FALSE
67.7249898077188,FALSE
67.3038529063094,FALSE
63.9679572798241,FALSE
65.7953177827484,FALSE
67.2864224719415,FALSE
66.644614156289,FALSE
67.7814642550669,FALSE
65.9110459984539,FALSE
66.2629152889528,FALSE
65.997738809149,FALSE
66.2326117536254,FALSE
66.5961321276408,FALSE
66.0652595592593,FALSE
69.7241623717488,FALSE
67.5408150710495,FALSE
66.734825635381,FALSE
67.2221515758218,FALSE
66.2815176125886,FALSE
65.3328551791188,FALSE
66.4556724126812,FALSE
67.4212247523449,FALSE
67.1862457953339,FALSE
66.3533896221432,FALSE
67.4179952135456,FALSE
68.0027169631786,FALSE
66.0722958764421,FALSE
68.1278529494656,FALSE
65.8445361255427,FALSE
67.286030012535,FALSE
66.749585646922,FALSE
67.166238876357,FALSE
65.7977100327101,FALSE
66.7612745944391,FALSE
64.4585203564763,FALSE
67.0107538429902,FALSE
68.5683953684845,FALSE
65.8156686167739,FALSE
66.9302274819832,FALSE
68.1947253603826,FALSE
67.2281290243156,FALSE
68.2941062311426,FALSE
68.3536218575953,FALSE
65.0822797165814,FALSE
67.1033479042459,FALSE
66.6998152693005,FALSE
66.3883829290034,FALSE
66.7067997521306,FALSE
66.6822707779694,FALSE
68.3286046145369,FALSE
66.3771109206851,FALSE
67.1036791573167,FALSE
67.838495296789,FALSE
66.720820674215,FALSE
67.9389751906158,FALSE
65.9918496771409,FALSE
67.8804666126483,FALSE
66.9246046512291,FALSE
67.2724301253154,FALSE
66.7916232555148,FALSE
67.6476819099512,FALSE
67.4864162151167,FALSE
66.2180427618203,FALSE
64.9403532973227,FALSE
67.9023951264727,FALSE
67.29949816838,FALSE
66.8872979119176,FALSE
68.390486565332,FALSE
64.6776793877427,FALSE
66.4117366204606,FALSE
67.1251036840922,FALSE
67.6066039334489,FALSE
67.2487973906493,FALSE
69.6043252883142,FALSE
65.6292239469116,FALSE
64.4415580396901,FALSE
66.6964406047328,FALSE
66.3030712149859,FALSE
68.5377883830137,FALSE
66.7767831573619,FALSE
67.6438963421138,FALSE
67.8159218444095,FALSE
66.5998935838615,FALSE
69.4395506817773,FALSE
66.621308664017,FALSE
66.9690723631568,FALSE
66.406214256031,FALSE
68.4237598351964,FALSE
67.8908395756444,FALSE
66.063359971409,FALSE
68.1811753215234,FALSE
65.6215925142897,FALSE
66.7834100138557,FALSE
65.3434241051127,FALSE
67.4996004191024,FALSE
66.2343074825022,FALSE
66.3960687709332,FALSE
66.418497395323,FALSE
66.653865900648,FALSE
66.9164003628252,FALSE
67.1919020337699,FALSE
68.2497229627134,FALSE
67.2005076016693,FALSE
67.6964152754048,FALSE
67.2109000832946,FALSE
66.5729008809848,FALSE
67.0314970204856,FALSE
65.5903545486713,FALSE
66.826882987036,FALSE
66.649991049476,FALSE
65.8903462149267,FALSE
65.7620759600691,FALSE
67.2623043083318,FALSE
67.8163052879599,FALSE
66.1183268955862,FALSE
69.372266216881,FALSE
67.4386858531307,FALSE
68.3008907602462,FALSE
67.4376162508489,FALSE
67.1928210903799,FALSE
67.491626113629,FALSE
66.3585237975347,FALSE
65.5345572803417,FALSE
66.6261972266132,FALSE
66.2885152715537,FALSE
66.3639379883448,FALSE
64.9629455325962,FALSE
66.4260124002461,FALSE
67.1928390795503,FALSE
68.5458191522061,FALSE
67.2599388768032,FALSE
67.0298767441551,FALSE
67.6818054316012,FALSE
68.3091306435636,FALSE
66.046807193839,FALSE
66.9436523664786,FALSE
68.4819005675162,FALSE
67.0166893964175,FALSE
67.3928957301011,FALSE
66.1298277963184,FALSE
67.6380712732079,FALSE
66.1494284736723,FALSE
66.5335454874397,FALSE
68.4805745515935,FALSE
67.2699197583157,FALSE
64.5288588089961,FALSE
69.4962261516757,FALSE
68.0626904772145,FALSE
66.4942940448127,FALSE
67.1942184503947,FALSE
65.428704961911,FALSE
67.1440657488974,FALSE
66.7409417776866,FALSE
67.957791883232,FALSE
67.3856205319502,FALSE
65.4271775455054,FALSE
66.3557122319336,FALSE
67.8419373716347,FALSE
66.5131256977139,FALSE
67.7013215326919,FALSE
65.8123054630489,FALSE
67.5110680737679,FALSE
68.7362381278292,FALSE
67.3377860141038,FALSE
65.7286323087411,FALSE
66.6410777329919,FALSE
68.3356716668222,FALSE
66.8001855856561,FALSE
66.6362961823879,FALSE
68.6731968402332,FALSE
66.691589343486,FALSE
68.263310405208,FALSE
68.4764272196817,FALSE
66.9494753359698,FALSE
67.2857209973396,FALSE
67.8756252703982,FALSE
66.7758772581866,FALSE
68.0685599210008,FALSE
67.3248135923704,FALSE
67.0485552513314,FALSE
67.3853326453177,FALSE
67.8540010220831,FALSE
67.3536734859001,FALSE
66.8081785652805,FALSE
67.5531766997726,FALSE
67.0172076655942,FALSE
65.9678934153106,FALSE
66.6247026808008,FALSE
66.8588175728842,FALSE
66.6424538226559,FALSE
68.4406211813199,FALSE
66.4053742648958,FALSE
68.1657553858448,FALSE
66.2789812495512,FALSE
67.4986605973727,FALSE
66.6420148121442,FALSE
67.2972349367806,FALSE
67.2411685677399,FALSE
65.5316835156715,FALSE
65.4931980683377,FALSE
66.8060305321307,FALSE
68.1822717032662,FALSE
66.97827900764,FALSE
68.0778061373948,FALSE
67.7411441692654,FALSE
65.0852330706689,FALSE
67.0218387093917,FALSE
68.2700639762183,FALSE
65.8300728163883,FALSE
65.4046811873422,FALSE
66.2965954946869,FALSE
67.4896262995552,FALSE
66.9780759682808,FALSE
67.2178456722534,FALSE
67.586159473298,FALSE
68.0555405188629,FALSE
66.3370815443371,FALSE
67.1637302152587,FALSE
67.2846821121965,FALSE
65.7712159320844,FALSE
64.647974766762,FALSE
67.0664453801619,FALSE
66.6900068303987,FALSE
66.3624604058475,FALSE
67.676058252584,FALSE
67.9094869152859,FALSE
65.5348275775599,FALSE
66.3660550456106,FALSE
67.765923048144,FALSE
67.7348687601552,FALSE
66.2760062262737,FALSE
67.1546420675568,FALSE
68.1261862039238,FALSE
67.697577268082,FALSE
67.0166491495348,FALSE
68.4900714980599,FALSE
66.9036968071998,FALSE
66.6770150419846,FALSE
69.720418277504,FALSE
69.6461307065172,FALSE
66.4725385204774,FALSE
67.1175337274706,FALSE
65.0283194545015,FALSE
66.7064122407402,FALSE
65.7988417639128,FALSE
65.7222352144881,FALSE
67.8484877708594,FALSE
66.3277563258251,FALSE
66.0013468534663,FALSE
66.8222181171362,FALSE
65.3443279579333,FALSE
66.7170949770769,FALSE
66.8072773151104,FALSE
66.8988141994319,FALSE
67.0781534315171,FALSE
66.5550295451646,FALSE
67.3902742494965,FALSE
66.94247613904,FALSE
65.8387239979715,FALSE
67.0938135252149,FALSE
65.3520750575242,FALSE
67.1654718974934,FALSE
65.804227700127,FALSE
66.6838391185302,FALSE
69.0575549635585,FALSE
65.67124023983,FALSE
66.3803588464172,FALSE
67.2815178736786,FALSE
67.0483304264514,FALSE
67.6155159046762,FALSE
67.234989850137,FALSE
66.6991049006895,FALSE
68.517330380617,FALSE
66.3767516599112,FALSE
69.0493024167467,FALSE
66.2466374662506,FALSE
67.9215967008118,FALSE
68.7373845606266,FALSE
65.4331188541863,FALSE
67.5783225571372,FALSE
66.9347781964564,FALSE
66.9096964017393,FALSE
67.940027218322,FALSE
66.9102575044998,FALSE
64.5286039092681,FALSE
66.9770939854909,FALSE
65.8353375285506,FALSE
67.0822050626331,FALSE
67.0763735084848,FALSE
65.6130338600481,FALSE
68.5975637497373,FALSE
65.7284574386577,FALSE
66.4158410154722,FALSE
66.1711492722841,FALSE
66.5379987850778,FALSE
67.5518678348371,FALSE
67.6770821230947,FALSE
68.3174848530083,FALSE
67.1365639012888,FALSE
66.9288921333724,FALSE
65.07390947182,FALSE
65.7790668458202,FALSE
66.8677725469322,FALSE
66.736957447582,FALSE
67.337264715139,FALSE
69.5,FALSE
71.2157142857143,FALSE
72.9314285714286,FALSE
74.6471428571429,FALSE
76.3628571428571,FALSE
78.0785714285714,FALSE
79.7942857142857,FALSE
81.51,FALSE
83.2257142857143,FALSE
84.9414285714286,FALSE
86.6571428571429,FALSE
88.3728571428571,FALSE
90.0885714285714,TRUE
91.8042857142857,TRUE
93.52,TRUE
92.49,TRUE
90.6214285714286,TRUE
88.7528571428571,FALSE
86.8842857142857,FALSE
85.0157142857143,FALSE
83.1471428571429,FALSE
81.2785714285714,FALSE
79.41,FALSE
77.5414285714286,FALSE
75.6728571428571,FALSE
73.8042857142857,FALSE
71.9357142857143,FALSE
70.0671428571429,FALSE
68.1985714285714,FALSE
66.33,FALSE
66.6873841424284,FALSE
66.7184913235009,FALSE
66.2656210121252,FALSE
67.50291477085,FALSE
66.1627604214109,FALSE
68.2926720664252,FALSE
65.214966988496,FALSE
68.4997312674334,FALSE
67.3773516941228,FALSE
66.4856826737931,FALSE
67.0614144487164,FALSE
66.5220807079826,FALSE
67.8370279795495,FALSE
67.993777079376,FALSE
65.5183549980696,FALSE
66.374883035797,FALSE
67.5182966866109,FALSE
66.6788209618158,FALSE
66.8006559547306,FALSE
68.1132871215911,FALSE
66.1034842806632,FALSE
68.5662843232009,FALSE
67.3620254554838,FALSE
67.5560394539321,FALSE
68.9882941267689,FALSE
66.3043053496755,FALSE
67.5966540059683,FALSE
65.9745372034405,FALSE
68.3448460007308,FALSE
67.9879701103235,FALSE
65.9758734763359,FALSE
68.3763903289416,FALSE
66.9172470055563,FALSE
66.5562014273562,FALSE
65.6116817336861,FALSE
66.363783279295,FALSE
67.3249133638609,FALSE
68.2564298371042,FALSE
67.1963523347296,FALSE
68.7200395733473,FALSE
68.5182101413897,FALSE
66.156992837186,FALSE
66.53668786812,FALSE
66.2910657439913,FALSE
66.5836589704498,FALSE
66.8018045854834,FALSE
68.6033572008815,FALSE
65.1287417369073,FALSE
67.6311282409715,FALSE
66.9041628678127,FALSE
65.9008375871404,FALSE
65.6972843078243,FALSE
65.8326334408893,FALSE
66.709367653275,FALSE
68.3346330992677,FALSE
68.8326474051439,FALSE
68.7896460754276,FALSE
66.7280134805634,FALSE
69.5531598393,FALSE
68.2843924812983,FALSE
65.3877956497807,FALSE
68.4960722912125,FALSE
66.7853904737729,FALSE
66.5761874071433,FALSE
67.5480346192353,FALSE
65.2128005907464,FALSE
65.9131273975813,FALSE
65.3105817002083,FALSE
67.8455461570092,FALSE
67.2248895915765,FALSE
67.9365767969241,FALSE
67.427669445844,FALSE
67.5733638194288,FALSE
67.4787895225069,FALSE
67.1047579295242,FALSE
68.0118834213543,FALSE
68.9300172823356,FALSE
66.180912008039,FALSE
68.0439725859191,FALSE
66.7192232122535,FALSE
67.057266744622,FALSE
66.2405767058607,FALSE
67.8626394518103,FALSE
67.1231459704982,FALSE
67.8868192081124,FALSE
66.2291245925691,FALSE
67.1510852139145,FALSE
68.5291224203601,FALSE
66.1011726350771,FALSE
65.8024502074798,FALSE
66.1135464081538,FALSE
68.770923339904,FALSE
66.2422493984714,FALSE
67.0361765912507,FALSE
65.5079492240964,FALSE
67.3002988584818,FALSE
67.704287992804,FALSE
64.9928854365484,FALSE
67.2683238735401,FALSE
65.3134066233312,FALSE
67.1152697021896,FALSE
66.8868230869794,FALSE
67.748407689612,FALSE
67.4519338756746,FALSE
67.2486815958865,FALSE
66.2937299483232,FALSE
66.3178521750706,FALSE
67.6649651782413,FALSE
68.7224256021104,FALSE
65.3499657143336,FALSE
67.5932513314489,FALSE
66.4984035559346,FALSE
66.387793342485,FALSE
66.2836954507331,FALSE
68.5536622620079,FALSE
66.1116645751815,FALSE
66.6801160641757,FALSE
66.4046420953219,FALSE
67.1829930826322,FALSE
68.8243824264871,FALSE
68.9647540215408,FALSE
66.9947436167973,FALSE
65.6597889086364,FALSE
67.8445128526457,FALSE
67.145061396051,FALSE
66.149511658726,FALSE
66.9422712380193,FALSE
68.4383316443924,FALSE
68.0555524628724,FALSE
66.9962093564156,FALSE
66.00837866771,FALSE
65.5432099233618,FALSE
68.6895771565693,FALSE
67.0539949610778,FALSE
66.4386601305957,FALSE
67.1947746951515,FALSE
67.3492279736288,FALSE
66.3355017238605,FALSE
67.4366038755711,FALSE
66.7477333920463,FALSE
68.3707873804993,FALSE
67.3109314698366,FALSE
66.5203834800618,FALSE
66.6760803274846,FALSE
67.2972367665933,FALSE
65.8451237154258,FALSE
66.3649872338475,FALSE
66.1104873303629,FALSE
66.3385272947866,FALSE
67.763544187959,FALSE
66.7436526901559,FALSE
66.9479779977976,FALSE
67.5675975966006,FALSE
65.4406962218321,FALSE
66.7266812438433,FALSE
66.8563285883136,FALSE
66.275043395191,FALSE
66.4121614487755,FALSE
67.1846141158768,FALSE
68.1698648945892,FALSE
66.6433112001925,FALSE
65.8861514955204,FALSE
65.7790613606335,FALSE
66.5171979948765,FALSE
66.2733360610567,FALSE
68.0421915360358,FALSE
65.7569662955239,FALSE
68.8295996899431,FALSE
67.7361685593399,FALSE
66.0523817417521,FALSE
66.344629958609,FALSE
67.0444363432769,FALSE
65.9491676796848,FALSE
65.7188037558736,FALSE
65.8028912776862,FALSE
67.7156288979292,FALSE
67.2452138254277,FALSE
66.8217840099741,FALSE
68.0360545823755,FALSE
66.8887192278845,FALSE
66.6934942047162,FALSE
65.7149346091793,FALSE
67.8247795694648,FALSE
67.940000986309,FALSE
66.2583678055398,FALSE
67.4343112384791,FALSE
68.8338397043123,FALSE
66.5484468560348,FALSE
67.6304216368759,FALSE
66.9484912996857,FALSE
65.9185998169877,FALSE
68.4392927746584,FALSE
67.349831698576,FALSE
69.3275012424069,FALSE
68.9061610225947,FALSE
66.1403256711222,FALSE
67.9780359335306,FALSE
66.6219276668562,FALSE
65.8101068278812,FALSE
66.2827790468192,FALSE
69.025992181036,FALSE
66.4170265726356,FALSE
67.1177433086341,FALSE
65.097550969716,FALSE
67.1450897878728,FALSE
66.2122786646892,FALSE
66.0473928485513,FALSE
67.6179569605789,FALSE
67.7884723903087,FALSE
65.7083284496507,FALSE
67.2479297403539,FALSE
65.8052125150344,FALSE
67.0294056005044,FALSE
65.6137085734034,FALSE
67.0941440883646,FALSE
67.3270531564177,FALSE
66.9444202853032,FALSE
67.6190849358799,FALSE
66.4694938450983,FALSE
65.771795944721,FALSE
64.3723269637752,FALSE
66.8136059369331,FALSE
66.5209898823347,FALSE
69.2674543376627,FALSE
67.0946316606568,FALSE
69.7697132830211,FALSE
68.8156447799702,FALSE
69.0209966221884,FALSE
68.5516912527451,FALSE
66.3490063302925,FALSE
68.4413456447738,FALSE
66.4609612303624,FALSE
66.5784134055832,FALSE
66.2100019851946,FALSE
66.6602282077563,FALSE
66.4125722371811,FALSE
66.2258367551397,FALSE
65.3357951234598,FALSE
64.830610464369,FALSE
65.7670402283543,FALSE
66.5228147021917,FALSE
66.4831578942943,FALSE
67.4128772932697,FALSE
66.7152673123765,FALSE
67.2625748586269,FALSE
66.2548220134888,FALSE
67.7067762206345,FALSE
67.6600241156471,FALSE
65.6763749080411,FALSE
65.4548543560214,FALSE
65.8479382575637,FALSE
67.293863341118,FALSE
67.4426310215218,FALSE
67.1325056758668,FALSE
67.2735068688811,FALSE
67.4847763747572,FALSE
66.2168669340867,FALSE
67.2016204313181,FALSE
67.7081866789536,FALSE
69.121460421877,FALSE
67.8742564125615,FALSE
67.4769404275038,FALSE
67.9931781080998,FALSE
67.6053600217826,FALSE
65.998618286973,FALSE
66.7480382838987,FALSE
67.354061394224,FALSE
64.7413577489218,FALSE
65.9849626106025,FALSE
66.7316962781999,FALSE
67.4304629467022,FALSE
67.5966040727567,FALSE
66.7642944795777,FALSE
67.159274668145,FALSE
66.1590745239385,FALSE
66.8060035243187,FALSE
66.9429523766843,FALSE
67.6408323475809,FALSE
66.369851226871,FALSE
66.1698577966792,FALSE
66.4510366556243,FALSE
67.1882674835482,FALSE
67.9142402093025,FALSE
67.2479734765353,FALSE
66.6718330957843,FALSE
67.3577989380394,FALSE
66.7405981570865,FALSE
68.3061670633711,FALSE
66.2692446336412,FALSE
67.1768061900945,FALSE
67.2753270224257,FALSE
67.2288356941765,FALSE
66.5352136033204,FALSE
66.4722038205487,FALSE
68.2590823314731,FALSE
66.1558609969584,FALSE
66.4222858905531,FALSE
67.8169963622144,FALSE
67.9173760501256,FALSE
68.8975321382308,FALSE
66.9079485364852,FALSE
67.7434746171687,FALSE
67.3448624287287,FALSE
65.906048374528,FALSE
66.7579040144768,FALSE
66.1638228759988,FALSE
66.8575812765256,FALSE
67.7033275850311,FALSE
65.9211108090669,FALSE
66.6181924697729,FALSE
67.4960388037324,FALSE
68.59026255874,FALSE
66.2553583746168,FALSE
66.5915408933259,FALSE
65.0253669973409,FALSE
67.9847039438479,FALSE
66.6995041658438,FALSE
66.5583680636272,FALSE
67.6617671769899,FALSE
67.0632354594019,FALSE
67.7001634524415,FALSE
67.9835117228697,FALSE
68.5343492912145,FALSE
66.3847493264703,FALSE
66.0579038995111,FALSE
66.7266282877309,FALSE
66.6070686925894,FALSE
68.2560987891098,FALSE
65.9425621835449,FALSE
66.7873234507257,FALSE
67.5588705627004,FALSE
65.5832328415669,FALSE
66.309163362381,FALSE
68.4367162590125,FALSE
68.3328865363242,FALSE
68.3666029595678,FALSE
68.1555095494248,FALSE
66.8762120453534,FALSE
67.065089954184,FALSE
67.2203022780568,FALSE
66.0456664318867,FALSE
66.8904905585166,FALSE
68.1492363833743,FALSE
68.6396996264939,FALSE
65.8526985397511,FALSE
66.0006243246406,FALSE
68.1872228235929,FALSE
66.2532174712686,FALSE
65.2840524491522,FALSE
66.933897681649,FALSE
66.5616272576353,FALSE
69.2607329130578,FALSE
67.2690652240936,FALSE
67.0114422711007,FALSE
65.3970633914551,FALSE
66.6056756833578,FALSE
66.5508226576749,FALSE
65.7097656260982,FALSE
66.4223402343989,FALSE
67.4746929135932,FALSE
67.3778948115678,FALSE
67.8084479763765,FALSE
67.0135104460345,FALSE
67.3142648782598,FALSE
67.3314230071117,FALSE
66.9364887813697,FALSE
67.7729166200408,FALSE
65.5516643695476,FALSE
65.6657771024204,FALSE
65.7463297603704,FALSE
67.6962738862328,FALSE
67.3157933287379,FALSE
68.4355146857349,FALSE
67.9618883959181,FALSE
64.8122116479329,FALSE
67.3668115083039,FALSE
67.3487210217355,FALSE
65.7829906455828,FALSE
66.1926263223502,FALSE
67.1216393795133,FALSE
67.3021953509271,FALSE
68.5627787928283,FALSE
66.32361633907,FALSE
68.7195053953462,FALSE
67.6306906501461,FALSE
67.3878220075498,FALSE
68.4006389346809,FALSE
67.6289806194051,FALSE
67.3572642314551,FALSE
67.6328586579584,FALSE
66.7289737022162,FALSE
68.1907467512779,FALSE
65.5796848708107,FALSE
68.8900923380146,FALSE
68.4281986637779,FALSE
67.0509498240517,FALSE
68.03968099753,FALSE
66.6718989683177,FALSE
67.3209600715426,FALSE
68.1918823749565,FALSE
65.0317231606535,FALSE
67.8083697757797,FALSE
66.6288166973587,FALSE
67.7266353517361,FALSE
66.7959970986629,FALSE
66.9352017936416,FALSE
67.3997514719714,FALSE
68.7433289654018,FALSE
66.9363750778248,FALSE
67.6067194029757,FALSE
66.9623690822155,FALSE
69.2235897320101,FALSE
67.8629855273792,FALSE
65.8150699083455,FALSE
64.4934078840839,FALSE
67.2350372659405,FALSE
66.171355563613,FALSE
66.4976194982583,FALSE
68.5377581743004,FALSE
66.9796505210416,FALSE
66.0111921204531,FALSE
65.9751193330495,FALSE
66.6147046286329,FALSE
67.5932621526445,FALSE
66.6229573368507,FALSE
67.7104208285312,FALSE
67.2829666737931,FALSE
66.2839165119893,FALSE
67.2280818264726,FALSE
67.0442187977752,FALSE
67.8576453088457,FALSE
68.263138315478,FALSE
68.3735304358349,FALSE
67.8937661735865,FALSE
65.0702518598019,FALSE
66.2093200484288,FALSE
67.3189063148125,FALSE
67.0029020753637,FALSE
65.0194757962667,FALSE
66.8651062457681,FALSE
68.0805618711904,FALSE
68.2594148647213,FALSE
66.4565978624536,FALSE
67.7346338298064,FALSE
67.8291938921541,FALSE
68.1257852155989,FALSE
68.457887008363,FALSE
65.5793118100396,FALSE
66.1510834328787,FALSE
67.0566192562598,FALSE
67.2168452805254,FALSE
68.5427323413475,FALSE
67.3307335009575,FALSE
66.683231988951,FALSE
67.0354142568863,FALSE
67.0815275841254,FALSE
68.418382343784,FALSE
67.4755730253677,FALSE
66.0587609056434,FALSE
67.4169695935144,FALSE
67.1929412651145,FALSE
66.4087134405748,FALSE
64.9296987840942,FALSE
66.8730388462038,FALSE
66.4884549371098,FALSE
66.7105851955781,FALSE
68.0004246000174,FALSE
66.3189960541757,FALSE
67.360520337753,FALSE
65.7064561289011,FALSE
66.8559192858223,FALSE
65.8747468413473,FALSE
66.2736410482919,FALSE
67.2015491570974,FALSE
68.0792640566928,FALSE
66.1334326998307,FALSE
66.0779836844999,FALSE
67.8089411056,FALSE
68.0723377833206,FALSE
67.3817241431083,FALSE
65.6662624113868,FALSE
67.4756813488154,FALSE
67.8480187670828,FALSE
65.5848034916132,FALSE
66.6613600525754,FALSE
68.1122837160584,FALSE
66.1447471227852,FALSE
69.1977446394916,FALSE
67.0257820441358,FALSE
65.4163426356679,FALSE
67.9750917353453,FALSE
66.6798634114764,FALSE
66.5024064836341,FALSE
66.7862576190894,FALSE
67.1730460698472,FALSE
67.4041524961484,FALSE
66.2230737429338,FALSE
68.11630709171,FALSE
67.8690169194444,FALSE
68.1522057650267,FALSE
66.6680791905551,FALSE
67.2172284804214,FALSE
67.7408979128045,FALSE
66.8598304466773,FALSE
67.1692621418688,FALSE
68.0879906833531,FALSE
67.9580416486756,FALSE
65.965009632739,FALSE
67.2647725567925,FALSE
67.346917669613,FALSE
66.7128981486719,FALSE
67.608535238487,FALSE
67.796794449295,FALSE
65.9614137600789,FALSE
67.3401547375394,FALSE
66.0459759578664,FALSE
67.4850115606162,FALSE
67.1683819692435,FALSE
65.5538062159704,FALSE
66.2353377275871,FALSE
68.9828504978028,FALSE
68.027565231963,FALSE
66.6001669918041,FALSE
66.9120603190018,FALSE
67.0973781271701,FALSE
66.2180707681963,FALSE
68.9443297138365,FALSE
66.1003796387617,FALSE
69.4569617572704,FALSE
66.0854462877815,FALSE
67.1737995944292,FALSE
66.7236144897132,FALSE
68.8451174574171,FALSE
67.5239423672892,FALSE
67.8348273842064,FALSE
66.112204151955,FALSE
67.2031837494193,FALSE
67.8080923532237,FALSE
66.6479623816549,FALSE
65.8430877007127,FALSE
66.6073726586908,FALSE
65.9806687888993,FALSE
67.9020846564086,FALSE
67.7720234920915,FALSE
67.5760749879276,FALSE
67.9260469417529,FALSE
66.6023823434217,FALSE
66.5340031570081,FALSE
66.321834965146,FALSE
66.5114137301316,FALSE
67.9475816364523,FALSE
68.7223907501643,FALSE
66.827499012839,FALSE
66.6800603704216,FALSE
66.726446528359,FALSE
66.219123223711,FALSE
65.9496630588082,FALSE
66.7275445396785,FALSE
65.8648444375653,FALSE
67.6773807957836,FALSE
67.0478558330424,FALSE
66.5428929800823,FALSE
68.7726620475455,FALSE
68.1167861459585,FALSE
66.7418694653613,FALSE
67.3333980125636,FALSE
68.2847453780496,FALSE
66.855678876289,FALSE
66.4190500650478,FALSE
67.3886964573043,FALSE
66.3790737018908,FALSE
64.7927921436689,FALSE
66.5960815014303,FALSE
66.5676315330874,FALSE
66.0467887616282,FALSE
66.3142320873714,FALSE
65.8483627061978,FALSE
66.8353155207527,FALSE
67.6141593196149,FALSE
66.3179795281591,FALSE
67.7978083826804,FALSE
64.8773162637228,FALSE
68.8948543832954,FALSE
66.5426795152807,FALSE
68.7240264743741,FALSE
68.0313682055496,FALSE
66.7544996702173,FALSE
66.6670390991432,FALSE
65.8864498275291,FALSE
66.4284867780963,FALSE
67.5870715422665,FALSE
67.3113483785445,FALSE
65.9234989154254,FALSE
66.8528193616976,FALSE
65.5309680849976,FALSE
66.6157858111872,FALSE
66.1846821670389,FALSE
67.0035112055588,FALSE
68.41832607237,FALSE
68.8377281252964,FALSE
68.9143273758944,FALSE
67.7765727467969,FALSE
65.7875133808306,FALSE
67.3850062227753,FALSE
66.514558625161,FALSE
64.8057923509952,FALSE
65.8069438011421,FALSE
66.542601735248,FALSE
67.6372276450059,FALSE
67.3079609440973,FALSE
66.9275690505719,FALSE
66.528127781917,FALSE
65.5047788439766,FALSE
67.5256734257756,FALSE
65.3855272235745,FALSE
65.7747983634528,FALSE
65.3612660109522,FALSE
66.1141341027841,FALSE
67.8713573870771,FALSE
66.2621181252365,FALSE
66.6451216088202,FALSE
66.9836435654544,FALSE
68.3293620101793,FALSE
66.149118691627,FALSE
66.5615175921454,FALSE
64.1477637272505,FALSE
67.7756778540776,FALSE
66.9929422260022,FALSE
68.6159586232544,FALSE
67.5280393005765,FALSE
67.2057482846923,FALSE
67.6650173369565,FALSE
65.6179462449014,FALSE
65.1677501316553,FALSE
65.2554692242431,FALSE
65.9644557146161,FALSE
66.6134818467147,FALSE
67.0131435822413,FALSE
66.2081119678579,FALSE
66.2790915348704,FALSE
68.1451564348207,FALSE
67.8733702965586,FALSE
66.6026285319378,FALSE
66.9698090804679,FALSE
65.4494022981484,FALSE
67.624492187565,FALSE
67.6615335516882,FALSE
66.6454592935153,FALSE
67.6484229852984,FALSE
67.9193851013528,FALSE
67.5026155808002,FALSE
65.7923723835457,FALSE
67.6634840407194,FALSE
65.5245695660554,FALSE
65.6022193857371,FALSE
66.2204721876642,FALSE
67.7908795279643,FALSE
66.4716193169894,FALSE
66.1877235503557,FALSE
66.3438554210204,FALSE
65.482718245922,FALSE
67.3337166576435,FALSE
66.2952189877136,FALSE
68.0997728567693,FALSE
66.6140082502737,FALSE
69.2404819681326,FALSE
66.3718090156011,FALSE
67.7582339963152,FALSE
66.6193111466334,FALSE
67.9177802207976,FALSE
65.2764031268712,FALSE
67.4071771273157,FALSE
67.1321657485162,FALSE
65.9177916942184,FALSE
65.5657797715523,FALSE
65.1545897465664,FALSE
68.277550238456,FALSE
66.0702647217492,FALSE
67.1488719511376,FALSE
66.0688061994383,FALSE
66.5815914743653,FALSE
66.7248658181955,FALSE
68.0478247291023,FALSE
67.0352823649305,FALSE
67.663569137522,FALSE
66.949844444958,FALSE
66.3328496966376,FALSE
66.8897659305282,FALSE
67.3220806807317,FALSE
66.9697480287837,FALSE
68.5524616767761,FALSE
67.0064983598848,FALSE
67.1035800687019,FALSE
66.7557150742153,FALSE
68.8019777186132,FALSE
68.0143190587398,FALSE
67.7007854619012,FALSE
67.1414407972724,FALSE
67.2854695477837,FALSE
67.2129120515151,FALSE
67.7072531392053,FALSE
68.2536768703802,FALSE
66.5812116950753,FALSE
67.8602883324154,FALSE
67.6698539587872,FALSE
67.7309447242826,FALSE
68.2047837984384,FALSE
69.6355491538963,FALSE
67.7857014510815,FALSE
67.1415594626108,FALSE
67.0442731826596,FALSE
66.5598015264664,FALSE
67.9136308063058,FALSE
68.1649029786465,FALSE
67.2989487624021,FALSE
67.5512820266083,FALSE
65.7691311121334,FALSE
67.5064347559299,FALSE
67.2047914744512,FALSE
68.0838728950076,FALSE
66.8040531233738,FALSE
66.7411821420273,FALSE
66.3733950649333,FALSE
65.7419836969324,FALSE
67.9899202422451,FALSE
66.7872769740586,FALSE
67.0453363713842,FALSE
67.1259719937748,FALSE
66.5972618964671,FALSE
67.2677235426796,FALSE
67.0297652865181,FALSE
67.5242020029308,FALSE
66.2412645345145,FALSE
68.2195292258531,FALSE
67.7624516745848,FALSE
68.4835087301741,FALSE
68.2225196624598,FALSE
66.16268176977,FALSE
66.8327517306932,FALSE
65.9856071888211,FALSE
67.5027377230249,FALSE
67.320648985648,FALSE
66.1203122701077,FALSE
68.7177969603398,FALSE
66.9084563008784,FALSE
68.3825396694106,FALSE
67.1524117230254,FALSE
66.9242603725399,FALSE
67.4295826601724,FALSE
68.1759927978483,FALSE
67.7159635133521,FALSE
67.5049111927121,FALSE
68.0578309451048,FALSE
65.2996005560404,FALSE
67.0254208456993,FALSE
64.7423000643821,FALSE
66.5691623108408,FALSE
66.5581868373458,FALSE
66.8877456476961,FALSE
66.1535795228261,FALSE
65.5171372565346,FALSE
66.9194199636715,FALSE
66.9387828812774,FALSE
66.7036015562536,FALSE
68.2410962689799,FALSE
66.4988125914376,FALSE
67.4040261808321,FALSE
69.2529670957178,FALSE
67.0151523335175,FALSE
67.3217391294537,FALSE
67.5355965708624,FALSE
68.3359306535856,FALSE
67.9059975657665,FALSE
67.9606521806815,FALSE
66.5512458974835,FALSE
67.4227911839501,FALSE
65.5870458152895,FALSE
67.2488748493653,FALSE
66.6012223283598,FALSE
66.8866377314443,FALSE
66.3412721560308,FALSE
67.8213185915372,FALSE
68.0182787686898,FALSE
66.3055186669481,FALSE
67.627756738772,FALSE
65.248715631904,FALSE
65.7990390278992,FALSE
67.72759126665,FALSE
65.1546260923365,FALSE
66.8147079049695,FALSE
66.5479715044174,FALSE
66.5727733951191,FALSE
66.8723558614617,FALSE
68.1969527929522,FALSE
68.0787567572223,FALSE
67.325376078745,FALSE
66.2930063407731,FALSE
65.6351351617059,FALSE
68.2428574084386,FALSE
68.7270786892129,FALSE
69.7590682375787,FALSE
66.6496893683515,FALSE
66.3432877646233,FALSE
66.8789126313107,FALSE
65.5109416520136,FALSE
66.6148577210426,FALSE
67.5776018456785,FALSE
65.7705414121227,FALSE
66.6419191304628,FALSE
67.4541205382216,FALSE
68.7065867583798,FALSE
65.5182329754083,FALSE
67.3502131474784,FALSE
68.0688680587584,FALSE
69.1077483273826,FALSE
66.300142345872,FALSE
67.1448449244875,FALSE
67.9381070507869,FALSE
65.6738996233992,FALSE
66.2091125221897,FALSE
67.4313116167816,FALSE
68.6154088811218,FALSE
66.7855325803463,FALSE
69.3723961671599,FALSE
67.0813770285178,FALSE
65.1473458380625,FALSE
67.2967987561353,FALSE
66.75716837243,FALSE
68.3626847984071,FALSE
68.706177437939,FALSE
67.7670540030474,FALSE
67.8473389063817,FALSE
65.7552018351794,FALSE
66.9978473629134,FALSE
67.0195015057129,FALSE
68.5730460368456,FALSE
68.1944696264434,FALSE
65.9843766371333,FALSE
64.5070965962839,FALSE
66.8382270025574,FALSE
69.3326482775742,FALSE
67.2111718808446,FALSE
66.9170516009739,FALSE
66.6575646568656,FALSE
70.5480167552044,FALSE
67.1952886712602,FALSE
67.668918793314,FALSE
66.2487371948626,FALSE
66.9562953554484,FALSE
66.2131274086886,FALSE
67.0058679533331,FALSE
66.5954651444713,FALSE
64.7935361601773,FALSE
68.1176977787769,FALSE
65.2893444443056,FALSE
68.9269777202868,FALSE
67.4993083345768,FALSE
67.0240102261801,FALSE
66.6080930521293,FALSE
66.224553935855,FALSE
66.8200096514864,FALSE
65.6048831264024,FALSE
66.4467404163673,FALSE
67.3268999562107,FALSE
67.9460429576742,FALSE
68.3505368641931,FALSE
67.849299808431,FALSE
67.2457125683824,FALSE
65.3188730378436,FALSE
66.4403828666555,FALSE
66.6814814177233,FALSE
66.78863328929,FALSE
67.1546695932156,FALSE
66.1785947621932,FALSE
68.104390097527,FALSE
68.8467682375303,FALSE
68.0126419802009,FALSE
68.9461120550238,FALSE
65.7475516464826,FALSE
67.9620127780798,FALSE
65.2002101646226,FALSE
66.5212725449256,FALSE
67.2678109255063,FALSE
68.3809720589353,FALSE
66.7870441062803,FALSE
65.6076342371581,FALSE
67.722726065599,FALSE
65.7675751177527,FALSE
66.8147497111905,FALSE
67.9786868054772,FALSE
68.1766257156583,FALSE
69.3926002284077,FALSE
66.5473413669821,FALSE
66.1457388965369,FALSE
66.2561589769418,FALSE
67.9839177817041,FALSE
66.6123682393951,FALSE
66.7209773684328,FALSE
66.8106721712638,FALSE
66.5694522394979,FALSE
66.5940608595284,FALSE
66.7966364082551,FALSE
67.0436702996413,FALSE
67.9910093398709,FALSE
67.0715781334217,FALSE
68.0437320175139,FALSE
67.9543798952333,FALSE
68.6958965616091,FALSE
67.4212136741455,FALSE
67.3355555034132,FALSE
68.0345049478587,FALSE
68.1465051400277,FALSE
66.8672360847316,FALSE
67.2020523836396,FALSE
66.8041081514791,FALSE
65.8383051419581,FALSE
66.8606885276196,FALSE
66.7096223348501,FALSE
65.8909612062349,FALSE
66.8379315325551,FALSE
66.4292173590613,FALSE
66.4825210966669,FALSE
65.784932966611,FALSE
66.6431909567011,FALSE
66.0690209493786,FALSE
68.4912655147362,FALSE
66.7848119430722,FALSE
67.3679706021988,FALSE
67.2727096135363,FALSE
66.9421211112858,FALSE
66.1117069972795,FALSE
65.9348664755019,FALSE
66.5498199051035,FALSE
67.6945289514686,FALSE
67.1677321973537,FALSE
68.8702126232545,FALSE
68.8529280908344,FALSE
66.643492355891,FALSE
65.705947393301,FALSE
65.2849990139712,FALSE
66.5036564650089,FALSE
66.8993511175865,FALSE
67.0496859947558,FALSE
66.6471293406693,FALSE
67.1183115058331,FALSE
68.1347381828412,FALSE
66.2087169689644,FALSE
66.3647914078781,FALSE
67.0421968249144,FALSE
66.0424863768376,FALSE
65.6413967481121,FALSE
68.2617388536429,FALSE
65.660615412539,FALSE
66.436923338052,FALSE
68.2810280173217,FALSE
69.3949449024418,FALSE
65.0713748542771,FALSE
65.8867063619314,FALSE
65.7446260953995,FALSE
67.7349145227869,FALSE
67.6262865390869,FALSE
66.1517830358447,FALSE
68.0840471461475,FALSE
67.8156495023952,FALSE
66.5104678617958,FALSE
68.6055179876805,FALSE
66.9899720780104,FALSE
66.0404286658098,FALSE
67.3500613008441,FALSE
67.1954157559663,FALSE
66.9463674320058,FALSE
66.8749608813427,FALSE
65.8231125133738,FALSE
67.613049602945,FALSE
66.2767923170438,FALSE
66.8735362116915,FALSE
68.4969218853849,FALSE
66.5958619128904,FALSE
66.9743303150974,FALSE
66.3576374604996,FALSE
68.7536145296205,FALSE
67.5546292666452,FALSE
67.5015588861229,FALSE
65.1499324700444,FALSE
67.1189573152155,FALSE
67.8967647584519,FALSE
65.2115847318704,FALSE
66.2238272454812,FALSE
66.9212406872421,FALSE
67.8376502506877,FALSE
65.3435186196748,FALSE
66.8702646825429,FALSE
67.6086801557742,FALSE
66.9673834671939,FALSE
66.8781339711588,FALSE
66.4178394637804,FALSE
66.8839846259823,FALSE
68.3584044741657,FALSE
65.2983723382902,FALSE
66.2597041713328,FALSE
66.6813473272094,FALSE
66.4510191427913,FALSE
66.5352875321699,FALSE
67.3264041429784,FALSE
65.7344105334374,FALSE
66.5150653583765,FALSE
67.4099090792889,FALSE
65.9171591352171,FALSE
67.91071348467,FALSE
68.5515018831112,FALSE
65.4450835063857,FALSE
66.0807087709485,FALSE
67.5413871999166,FALSE
66.8011073602881,FALSE
68.5254358898404,FALSE
66.7726462922516,FALSE
67.7573249638979,FALSE
67.695064899999,FALSE
66.2522850343602,FALSE
66.9613157997007,FALSE
68.3441848623441,FALSE
66.8831402672808,FALSE
67.7113678535215,FALSE
67.9233329786736,FALSE
67.5249939801731,FALSE
66.496409993718,FALSE
66.9113855872837,FALSE
68.0900648925775,FALSE
67.5742710397339,FALSE
66.1838373329003,FALSE
66.2774894519353,FALSE
69.3479580012585,FALSE
67.7241996932753,FALSE
65.0558854630315,FALSE
66.0561138602042,FALSE
68.3125852025453,FALSE
67.0199456516249,FALSE
66.3229322266181,FALSE
66.0647882056528,FALSE
67.7307884511608,FALSE
67.1829769149693,FALSE
67.5238164116718,FALSE
65.4926524512525,FALSE
67.6100494560488,FALSE
67.8138826009322,FALSE
66.5318712684835,FALSE
68.2116220560845,FALSE
66.4999240732376,FALSE
68.4374378022295,FALSE
67.3102059779456,FALSE
68.2031644146086,FALSE
67.474147521991,FALSE
66.6023498231169,FALSE
64.9312932654218,FALSE
68.0081817049124,FALSE
66.1831913577251,FALSE
66.6141824752267,FALSE
65.8054455576911,FALSE
66.7682797971598,FALSE
69.3924649401171,FALSE
67.0169336299147,FALSE
65.9473310743849,FALSE
67.6620597529243,FALSE
68.4071322273768,FALSE
68.1694186337538,FALSE
66.2996423057963,FALSE
68.8638730522794,FALSE
67.392098033534,FALSE
66.2127716142936,FALSE
65.0373041939491,FALSE
68.3945437962019,FALSE
65.8789536813716,FALSE
67.9543526700078,FALSE
66.2645491225366,FALSE
66.7379364843777,FALSE
68.6523781590401,FALSE
68.4574571876531,FALSE
67.309660200666,FALSE
67.2459951764907,FALSE
66.8106137196087,FALSE
67.2215367899278,FALSE
67.3693483036175,FALSE
65.2055447957826,FALSE
65.8165801414406,FALSE
67.4198727019506,FALSE
66.2594735149288,FALSE
67.3928547276859,FALSE
66.7430936166063,FALSE
66.9135452662488,FALSE
67.0810998467117,FALSE
67.691035961582,FALSE
67.8890496030825,FALSE
65.6123200533384,FALSE
68.445574634293,FALSE
67.1392559153327,FALSE
67.6357957754644,FALSE
67.633486031126,FALSE
66.7076397244643,FALSE
64.9903000220146,FALSE
68.5694728774153,FALSE
66.8643060937765,FALSE
66.8968488993092,FALSE
66.2830091995884,FALSE
67.1165602894829,FALSE
65.5724663704091,FALSE
65.5821719176232,FALSE
66.2676344258427,FALSE
68.3161690988603,FALSE
66.2652613695896,FALSE
66.9742804034296,FALSE
67.1816082233155,FALSE
67.6613593344084,FALSE
66.8632544364533,FALSE
64.9740932452177,FALSE
67.1010457953767,FALSE
68.8502879452031,FALSE
67.9274799022967,FALSE
67.8416519532704,FALSE
68.3644780033649,FALSE
68.515205184615,FALSE
66.6682829772737,FALSE
65.4241100956923,FALSE
67.2253282357641,FALSE
69.2861254200964,FALSE
66.3477650364585,FALSE
66.2553103890082,FALSE
65.6647711156735,FALSE
66.9569240046994,FALSE
68.316008754964,FALSE
67.4532920429231,FALSE
67.5921936792986,FALSE
67.0703720606238,FALSE
68.0082513289563,FALSE
65.0037944579905,FALSE
66.8602122582211,FALSE
67.1203484425289,FALSE
67.8312859821799,FALSE
67.3981021215719,FALSE
67.5321446726795,FALSE
66.9264200276308,FALSE
66.4240272060133,FALSE
69.3713219418151,FALSE
67.5930300715813,FALSE
67.5902526625287,FALSE
66.1510109148236,FALSE
66.8416928806696,FALSE
67.1576753491276,FALSE
66.8922956918308,FALSE
67.4540064268907,FALSE
67.1143136285777,FALSE
66.0024442108854,FALSE
65.2751774493054,FALSE
69.4061768001741,FALSE
66.4985577345345,FALSE
65.3882572076783,FALSE
66.2986850897429,FALSE
67.9563372469675,FALSE
67.7413660568375,FALSE
67.2001920118865,FALSE
66.6080310836282,FALSE
68.5373674359062,FALSE
66.0526440269286,FALSE
67.1327319928209,FALSE
66.4225382949807,FALSE
66.5556135471693,FALSE
65.3680722107032,FALSE
66.9077154571934,FALSE
66.8379378285635,FALSE
66.9294670006885,FALSE
66.8844778930461,FALSE
66.2395883050276,FALSE
67.741093455909,FALSE
70.0237395675286,FALSE
67.3238057188321,FALSE
67.199861091991,FALSE
66.7611082356052,FALSE
68.7956485203381,FALSE
66.234203932702,FALSE
65.5724471199058,FALSE
67.1972629058965,FALSE
67.6302357264333,FALSE
67.0970681147175,FALSE
66.8003538965564,FALSE
66.9725096598104,FALSE
66.1875426793151,FALSE
67.8442895181087,FALSE
65.4732367148487,FALSE
68.8112785907999,FALSE
67.5832534588272,FALSE
66.7384826679989,FALSE
67.6968154492935,FALSE
69.3620078888397,FALSE
68.5773613304512,FALSE
68.0133498942503,FALSE
67.5205393960562,FALSE
69.5701386477433,FALSE
65.8886304871836,FALSE
66.0796703833288,FALSE
66.4906181515254,FALSE
66.7159753818167,FALSE
67.0640943422207,FALSE
66.1811304558708,FALSE
68.6866519299315,FALSE
67.0011485737367,FALSE
65.9709621042696,FALSE
66.9835453349664,FALSE
66.7377901077243,FALSE
66.062186916504,FALSE
66.4174804868631,FALSE
67.3141321806681,FALSE
67.4774830414807,FALSE
65.4808563559308,FALSE
68.1032862730743,FALSE
66.7836215414964,FALSE
68.0605910647059,FALSE
65.9187733001822,FALSE
68.2436995296163,FALSE
68.3816178507096,FALSE
66.106985179138,FALSE
67.4570938101733,FALSE
66.0930694628079,FALSE
68.667054145805,FALSE
66.6119229518364,FALSE
66.006523722185,FALSE
67.9850494459388,FALSE
66.4579308622554,FALSE
66.3874553138346,FALSE
67.1062528170065,FALSE
68.4389184687735,FALSE
67.6430581962862,FALSE
68.0881399596089,FALSE
65.733424523258,FALSE
67.6759691588059,FALSE
67.316588701438,FALSE
67.1368772882657,FALSE
67.232158706497,FALSE
67.3289132246603,FALSE
66.6432973561815,FALSE
66.6831637326731,FALSE
66.7692736395204,FALSE
66.8953980795476,FALSE
67.1482338011036,FALSE
67.6045542205004,FALSE
66.461830508372,FALSE
68.118883987077,FALSE
66.5193868509488,FALSE
67.3943323785528,FALSE
66.9863598822227,FALSE
66.5611437699248,FALSE
65.0669000221474,FALSE
66.7303200730423,FALSE
65.8634627626059,FALSE
66.7848528838364,FALSE
65.6235735079335,FALSE
66.8969486553485,FALSE
67.265419811622,FALSE
66.3814395698997,FALSE
65.7169671187364,FALSE
66.8546724742201,FALSE
67.2818588455564,FALSE
65.6414058110135,FALSE
66.6150907422926,FALSE
65.9178331716199,FALSE
65.5455942268617,FALSE
66.3941167926882,FALSE
67.0961144342989,FALSE
68.5761663875061,FALSE
67.2095688060535,FALSE
68.1858708000948,FALSE
69.1924699907458,FALSE
65.9588622979592,FALSE
65.9805536655434,FALSE
66.3805103276779,FALSE
67.3975892490611,FALSE
67.1530434982425,FALSE
67.0436247978747,FALSE
66.1141666387067,FALSE
68.6513924345401,FALSE
67.3550138054477,FALSE
68.0961154674078,FALSE
65.8031349749258,FALSE
68.6837516093377,FALSE
65.6456086621716,FALSE
65.7677581338828,FALSE
67.191715612966,FALSE
66.1030767234559,FALSE
65.4057903283281,FALSE
66.8382443891668,FALSE
66.715150305223,FALSE
68.2683987163434,FALSE
65.2591535188275,FALSE
67.4910251294589,FALSE
67.3701362304433,FALSE
65.3164057324259,FALSE
65.2034584458602,FALSE
68.0687343196959,FALSE
67.2951723699611,FALSE
67.4775123528909,FALSE
65.2723300438607,FALSE
69.0216318205783,FALSE
67.6740440755645,FALSE
68.3036282721841,FALSE
66.6194423606763,FALSE
67.2618844272077,FALSE
66.6744083089397,FALSE
67.559349671463,FALSE
67.7494332059598,FALSE
66.1277658434941,FALSE
69.2211181134514,FALSE
66.861069626091,FALSE
67.4257765233404,FALSE
69.5820476006584,FALSE
65.3406881184711,FALSE
66.7552425001585,FALSE
67.2481742148033,FALSE
67.1333077997775,FALSE
66.3006186824317,FALSE
67.0086245316054,FALSE
65.1186299917742,FALSE
66.516766022075,FALSE
68.5624825673181,FALSE
68.8422618117208,FALSE
67.6455959052509,FALSE
66.3036417125769,FALSE
67.1654880225005,FALSE
65.7080902065838,FALSE
67.9310136327942,FALSE
65.3913595090474,FALSE
67.2357865430641,FALSE
67.4160718448595,FALSE
66.8039572944895,FALSE
64.9487342322076,FALSE
67.1415745900289,FALSE
67.7566128853868,FALSE
66.8501966159434,FALSE
67.2393836611634,FALSE
67.6623901220745,FALSE
68.0030641015807,FALSE
68.1926483083962,FALSE
66.7795553824064,FALSE
67.5592755607309,FALSE
67.9200328665951,FALSE
66.5603306635131,FALSE
68.4870067000442,FALSE
67.0407348993245,FALSE
67.2488530458754,FALSE
64.9833235144509,FALSE
67.0876874484537,FALSE
67.4577288127476,FALSE
66.8333615185265,FALSE
67.3548864167068,FALSE
67.1170508279294,FALSE
68.5403981285768,FALSE
69.2928987238398,FALSE
66.2728086200252,FALSE
67.9382868895557,FALSE
68.5515952600183,FALSE
66.847685782789,FALSE
67.2691178031158,FALSE
66.693665650042,FALSE
66.3555615421849,FALSE
67.8733472217234,FALSE
65.0168356792635,FALSE
65.4567741796246,FALSE
65.2538120073029,FALSE
68.2346229773371,FALSE
66.6949493540795,FALSE
66.5200752578304,FALSE
67.8788416383795,FALSE
67.3471133493876,FALSE
65.856282604087,FALSE
65.9454980228882,FALSE
67.1949569042782,FALSE
67.3447371695328,FALSE
65.7231253468466,FALSE
65.689567339021,FALSE
67.9313092435966,FALSE
66.5628319090368,FALSE
68.2728838932948,FALSE
67.3701019553081,FALSE
67.7823596593718,FALSE
65.776073245222,FALSE
67.1721839337327,FALSE
66.527345347705,FALSE
67.5082747973193,FALSE
68.118869666701,FALSE
67.7760577174405,FALSE
66.4562245246859,FALSE
67.3891328703247,FALSE
67.1053906361574,FALSE
67.0555270765792,FALSE
68.4560232968108,FALSE
67.632865023467,FALSE
67.1407919357853,FALSE
68.8041107563253,FALSE
66.959915230747,FALSE
66.664697750391,FALSE
66.5186806047831,FALSE
66.7013783265579,FALSE
66.0914034447329,FALSE
65.6589072316134,FALSE
66.6807982120071,FALSE
66.6826718184157,FALSE
68.3115740243733,FALSE
67.3035328107017,FALSE
66.2154086818099,FALSE
66.6979978278413,FALSE
68.6858182334794,FALSE
68.0628585311564,FALSE
65.9780960645498,FALSE
66.5223085629419,FALSE
66.7205641894224,FALSE
67.7644775642303,FALSE
64.9731353132362,FALSE
68.4624759887557,FALSE
65.796482524822,FALSE
66.5609760821141,FALSE
68.3128967884319,FALSE
66.6460269959518,FALSE
68.667225496318,FALSE
65.1430099903621,FALSE
65.2708331638019,FALSE
66.7243097441847,FALSE
66.1991976367409,FALSE
69.4554355085382,FALSE
65.964819241098,FALSE
66.4130014032383,FALSE
68.3101148088267,FALSE
66.0712662554114,FALSE
68.6039292069399,FALSE
65.9397596329269,FALSE
67.0264885381252,FALSE
65.8518383975128,FALSE
66.964888765699,FALSE
66.0657749479977,FALSE
66.6421151615718,FALSE
67.2515274961416,FALSE
67.1316032108758,FALSE
65.6319302791703,FALSE
65.9549652027898,FALSE
66.2020247128153,FALSE
68.5040097485068,FALSE
67.5794735628947,FALSE
66.0768127545161,FALSE
67.4263965360314,FALSE
66.7868312557582,FALSE
67.1426940707956,FALSE
67.4241985455088,FALSE
68.1796358523966,FALSE
68.4134779097797,FALSE
67.6920240656629,FALSE
66.824910502603,FALSE
66.0726531890317,FALSE
66.3846408861765,FALSE
66.0681814082774,FALSE
67.2664512477881,FALSE
65.5762248247594,FALSE
67.9281264035884,FALSE
68.094789103534,FALSE
67.3590629112802,FALSE
65.422796995592,FALSE
65.9307140083209,FALSE
67.2405508286494,FALSE
68.3754849327877,FALSE
67.3355118242973,FALSE
67.4617165351351,FALSE
67.4656612470776,FALSE
67.4098220013092,FALSE
67.8077492980676,FALSE
68.1996812362611,FALSE
66.0559086712279,FALSE
66.1890603979179,FALSE
65.5304999176839,FALSE
65.6959204547735,FALSE
66.4350292060488,FALSE
66.23413147401,FALSE
65.9830112441079,FALSE
66.5432309748081,FALSE
66.7950763767324,FALSE
66.98560417184,FALSE
65.9606375371654,FALSE
67.8715314705405,FALSE
68.5173022312764,FALSE
65.7958231729536,FALSE
65.7031160463177,FALSE
67.0798321709663,FALSE
67.7359904322298,FALSE
66.7328927599239,FALSE
67.4189855731159,FALSE
67.8191514461962,FALSE
66.3188765538426,FALSE
67.9326969414374,FALSE
66.2436035922035,FALSE
67.8447172376952,FALSE
66.0733023408988,FALSE
66.8559464761105,FALSE
65.9545362684228,FALSE
65.8476489348859,FALSE
66.5409484053521,FALSE
66.4418270794887,FALSE
68.0228700323422,FALSE
67.1640811428791,FALSE
67.363591869432,FALSE
67.8959468110095,FALSE
67.1403082349482,FALSE
67.151083204752,FALSE
67.2457760841122,FALSE
68.7112475799536,FALSE
67.9408073904196,FALSE
67.4187813905909,FALSE
66.3648225206398,FALSE
66.8860617659166,FALSE
67.9055292220788,FALSE
67.9893742777697,FALSE
67.3772011834619,FALSE
66.2738345473396,FALSE
67.6366948264657,FALSE
67.1554136938612,FALSE
67.1129078639638,FALSE
67.2580182989433,FALSE
67.2609682075628,FALSE
68.0771588474617,FALSE
66.5926083565886,FALSE
68.1220642920678,FALSE
66.9441717574966,FALSE
65.8036387250506,FALSE
66.5954282698952,FALSE
66.2382424066767,FALSE
66.4432924134428,FALSE
68.5661560665346,FALSE
65.360269378476,FALSE
66.9939993618835,FALSE
66.6736557815449,FALSE
67.2922426917868,FALSE
67.0025299110695,FALSE
65.0482047748604,FALSE
67.8711626006754,FALSE
66.0913215348979,FALSE
68.2196651589436,FALSE
66.2176272138942,FALSE
66.5733263736077,FALSE
68.2061242018553,FALSE
66.4695417856862,FALSE
68.883020102003,FALSE
66.7579237241073,FALSE
66.8961464711714,FALSE
70.2065430188709,FALSE
66.8652446847501,FALSE
65.4562187681291,FALSE
66.9424364264533,FALSE
67.727447387843,FALSE
68.7428328685751,FALSE
66.1900587565804,FALSE
66.8363601180832,FALSE
65.2430316099246,FALSE
66.9758477002617,FALSE
65.8162979900453,FALSE
66.0809622624298,FALSE
66.6440946637155,FALSE
65.9319594367791,FALSE
66.7666211683742,FALSE
68.1896202884038,FALSE
68.2700992166728,FALSE
65.5177497448715,FALSE
67.2124214225083,FALSE
68.4411693647769,FALSE
67.0021773585192,FALSE
67.3316715584637,FALSE
67.3778185263792,FALSE
66.3041655998603,FALSE
66.9395996294878,FALSE
67.2518642508298,FALSE
66.72270326763,FALSE
65.8541422012291,FALSE
67.952049320334,FALSE
67.534518082623,FALSE
66.9115663028712,FALSE
67.8952531965734,FALSE
66.8285157345603,FALSE
68.3268647849073,FALSE
66.9572054495697,FALSE
66.4586607702631,FALSE
66.6361081064592,FALSE
67.9989184542024,FALSE
67.6305749688473,FALSE
66.0632256981337,FALSE
66.7968782491622,FALSE
67.8290026099717,FALSE
67.98790806534,FALSE
65.9061883933749,FALSE
68.93127610167,FALSE
67.1716843042399,FALSE
68.1090573544538,FALSE
66.6631949471351,FALSE
68.9795509031482,FALSE
65.0205344287671,FALSE
68.9137249485327,FALSE
66.3005504855598,FALSE
66.3892725956683,FALSE
68.005176308454,FALSE
67.5737060407596,FALSE
67.114874597973,FALSE
66.3638127235363,FALSE
64.9771127129071,FALSE
66.9179633420156,FALSE
68.5230317031429,FALSE
65.6855362835991,FALSE
66.212562704238,FALSE
65.4208166708485,FALSE
66.6852174613878,FALSE
67.7476851061409,FALSE
66.8931978320771,FALSE
65.9709774099082,FALSE
66.2787705970484,FALSE
68.0483168834494,FALSE
66.5884283373011,FALSE
68.348026745558,FALSE
66.5331575313049,FALSE
65.8884095086826,FALSE
66.4637795687173,FALSE
66.5356485675554,FALSE
67.6169286977605,FALSE
67.0258282809088,FALSE
67.4290761519142,FALSE
65.8736532708105,FALSE
67.0227260489292,FALSE
68.2199329657229,FALSE
65.3068170132668,FALSE
65.058410398662,FALSE
67.2986408087222,FALSE
66.3098772031517,FALSE
69.0435238798684,FALSE
68.1023553544092,FALSE
66.6662245336452,FALSE
66.0645384289449,FALSE
67.4324087824363,FALSE
65.4338675246932,FALSE
66.7310346505448,FALSE
67.4128713962781,FALSE
68.8134086690549,FALSE
68.0754325508453,FALSE
66.0591593857467,FALSE
66.947274497275,FALSE
67.1717637451399,FALSE
67.3036166392051,FALSE
66.7840332169801,FALSE
65.3974133595004,FALSE
67.2422555795552,FALSE
67.5606069680221,FALSE
67.0943414969577,FALSE
67.5944365458743,FALSE
